Workbook
Name _4173_1: 'DMR Flows-Effluent'!$A$2:$F$732
Name _4174_1: 'DMR 001C TIN & TP'!$A$2:$M$901
Name drilldown: 'DMR 001C TIN & TP'!$XBA$2:$XBA$901
Name drilldown: 'DMR Flows-Effluent'!$XBA$2:$XBA$732

Sheet Reg 85
A1: Period Start | B1: =EDATE(B3,B4) -> 43344
A2: Period End | B2: =EOMONTH(B3,0) -> 43708
A3: Month | B3: 43678
A4: Months | B4: -11
A6: 001-C | G6: flow | I6: Ammonia Nitrogen, AA | R6: Ammonia Check | X6: NO3+NO2 as N - Cd Red. | AG6: NO5 Check | AM6: TIN | AQ6: Phosphorus, Tot. | BA6: PW Check
I7: 00610 | X7: 00630
A8: Limits | F8: Average | G8: Tag
A9: PQL
A10: Location Code | F10: FI-F350 | G10: FI-F4 | I10: 1002B | M10: 1004B | R10: 6I | S10: 2B | T10: 4B | U10: 6 | V10: 2I | W10: 4I | X10: 1002B | AB10: 1004B | AG10: 6I | AH10: 2B | AI10: 4B | AJ10: 6 | AK10: 2I | AL10: 4I | AM10: 6 | AQ10: 2B | AU10: 4B | BA10: 6I | BB10: 1002B | BC10: 1004B | BD10: 6 | BE10: 2I | BF10: 4I
A11: Day | B11: Date | F11: North | G11: South | H11: Total | I11: ML Comparison | J11: ML | K11: Result | L11: computing result | M11: ML Comparison | N11: ML | O11: Result | P11: computing result | Q11: Flow weighted | R11: Result | X11: ML Comparison | Y11: ML | Z11: Result | AA11: computing result | AB11: ML Comparison | AC11: ML | AD11: Result | AE11: computing result | AF11: Flow weighted | AG11: Result | AM11: ML Comparison | AN11: ML | AO11: Result | AP11: Count | AQ11: ML Comparison | AR11: ML | AS11: Result | AT11: computing result | AU11: ML Comparison | AV11: ML | AW11: Result | AX11: computing result | AY11: Flow weighted | AZ11: Count | BA11: Result
A12: =TEXT(B12,"ddd") -> Sat | B12: =B1 -> 43344 | C12: =EOMONTH(B12,0) -> 43373 | D12: =EOMONTH(B12,-1)+1 -> 43344 | E12: =DAY(EOMONTH(B12,0)) -> 30 | F12: {=_xlfn.IFNA(INDEX('DMR Flows-Effluent'!$A$3:$F$9999,MATCH(($F$10&$B12),('DMR Flows-Effluent'!$B$3:$B$9999&'DMR Flows-Effluent'!$A$3:$A$9999),0),MATCH($F$8,'DMR Flows-Effluent'!$A$2:$F$2,0)),"")} -> 48.9957 | G12: {=_xlfn.IFNA(INDEX('DMR Flows-Effluent'!$A$3:$F$9999,MATCH(($G$10&$B12),('DMR Flows-Effluent'!$B$3:$B$9999&'DMR Flows-Effluent'!$A$3:$A$9999),0),MATCH($F$8,'DMR Flows-Effluent'!$A$2:$F$2,0)),"")} -> 64.9214 | H12: =SUM(F12:G12) -> 113.9171 | I12: =IFERROR(IF(L12<VALUE(J12),"<",""),"") | J12: {=_xlfn.IFNA((INDEX('DMR 001C TIN & TP'!$A$3:$M$10005,MATCH(('Reg 85'!$I$6:$Q$6&'Reg 85'!$I$10:$K$10&'Reg 85'!$B12),('DMR 001C TIN & TP'!$E$3:$E$10005&'DMR 001C TIN & TP'!$B$3:$B$10005&'DMR 001C TIN & TP'!$A$3:$A$10005),0),MATCH('Reg 85'!$J$11,'DMR 001C TIN & TP'!$A$2:$M$2,0))),"")} | K12: {=_xlfn.IFNA((INDEX('DMR 001C TIN & TP'!$A$3:$M$10005,MATCH(('Reg 85'!$I$6:$Q$6&'Reg 85'!$I$10:$K$10&'Reg 85'!$B12),('DMR 001C TIN & TP'!$E$3:$E$10005&'DMR 001C TIN & TP'!$B$3:$B$10005&'DMR 001C TIN & TP'!$A$3:$A$10005),0),MATCH('Reg 85'!$K$11,'DMR 001C TIN & TP'!$A$2:$M$2,0))),"")} | L12: =IFERROR(IF(VALUE(K12)<VALUE(J12),0,VALUE(K12)),"") | M12: =IFERROR(IF(P12<VALUE(N12),"<",""),"") | N12: {=_xlfn.IFNA((INDEX('DMR 001C TIN & TP'!$A$3:$M$10005,MATCH(('Reg 85'!$I$6:$Q$6&'Reg 85'!$M$10&'Reg 85'!$B12),('DMR 001C TIN & TP'!$E$3:$E$10005&'DMR 001C TIN & TP'!$B$3:$B$10005&'DMR 001C TIN & TP'!$A$3:$A$10005),0),MATCH('Reg 85'!$N$11,'DMR 001C TIN & TP'!$A$2:$M$2,0))),"")} | O12: {=_xlfn.IFNA((INDEX('DMR 001C TIN & TP'!$A$3:$M$10005,MATCH(('Reg 85'!$I$6:$Q$6&'Reg 85'!$M$10&'Reg 85'!$B12),('DMR 001C TIN & TP'!$E$3:$E$10005&'DMR 001C TIN & TP'!$B$3:$B$10005&'DMR 001C TIN & TP'!$A$3:$A$10005),0),MATCH('Reg 85'!$O$11,'DMR 001C TIN & TP'!$A$2:$M$2,0))),"")} | P12: =IFERROR(IF(VALUE(O12)<VALUE(N12),0,VALUE(O12)),"") | Q12: {=IFERROR(((L12*$F12)+(P12*$G12))/($H12),"")} | R12: {=_xlfn.IFNA((INDEX('DMR 001C TIN & TP'!$A$3:$M$10005,MATCH(('Reg 85'!$I$6:$Q$6&'Reg 85'!R$10&'Reg 85'!$B12),('DMR 001C TIN & TP'!$E$3:$E$10005&'DMR 001C TIN & TP'!$B$3:$B$10005&'DMR 001C TIN & TP'!$A$3:$A$10005),0),MATCH('Reg 85'!$O$11,'DMR 001C TIN & TP'!$A$2:$M$2,0))),"")} | S12: {=_xlfn.IFNA((INDEX('DMR 001C TIN & TP'!$A$3:$M$10005,MATCH(('Reg 85'!$I$6:$Q$6&'Reg 85'!S$10&'Reg 85'!$B12),('DMR 001C TIN & TP'!$E$3:$E$10005&'DMR 001C TIN & TP'!$B$3:$B$10005&'DMR 001C TIN & TP'!$A$3:$A$10005),0),MATCH('Reg 85'!$O$11,'DMR 001C TIN & TP'!$A$2:$M$2,0))),"")} | T12: {=_xlfn.IFNA((INDEX('DMR 001C TIN & TP'!$A$3:$M$10005,MATCH(('Reg 85'!$I$6:$Q$6&'Reg 85'!T$10&'Reg 85'!$B12),('DMR 001C TIN & TP'!$E$3:$E$10005&'DMR 001C TIN & TP'!$B$3:$B$10005&'DMR 001C TIN & TP'!$A$3:$A$10005),0),MATCH('Reg 85'!$O$11,'DMR 001C TIN & TP'!$A$2:$M$2,0))),"")} | U12: {=_xlfn.IFNA((INDEX('DMR 001C TIN & TP'!$A$3:$M$10005,MATCH(('Reg 85'!$I$6:$Q$6&'Reg 85'!U$10&'Reg 85'!$B12),('DMR 001C TIN & TP'!$E$3:$E$10005&'DMR 001C TIN & TP'!$B$3:$B$10005&'DMR 001C TIN & TP'!$A$3:$A$10005),0),MATCH('Reg 85'!$O$11,'DMR 001C TIN & TP'!$A$2:$M$2,0))),"")} | V12: {=_xlfn.IFNA((INDEX('DMR 001C TIN & TP'!$A$3:$M$10005,MATCH(('Reg 85'!$I$6:$Q$6&'Reg 85'!V$10&'Reg 85'!$B12),('DMR 001C TIN & TP'!$E$3:$E$10005&'DMR 001C TIN & TP'!$B$3:$B$10005&'DMR 001C TIN & TP'!$A$3:$A$10005),0),MATCH('Reg 85'!$O$11,'DMR 001C TIN & TP'!$A$2:$M$2,0))),"")} | W12: {=_xlfn.IFNA((INDEX('DMR 001C TIN & TP'!$A$3:$M$10005,MATCH(('Reg 85'!$I$6:$Q$6&'Reg 85'!W$10&'Reg 85'!$B12),('DMR 001C TIN & TP'!$E$3:$E$10005&'DMR 001C TIN & TP'!$B$3:$B$10005&'DMR 001C TIN & TP'!$A$3:$A$10005),0),MATCH('Reg 85'!$O$11,'DMR 001C TIN & TP'!$A$2:$M$2,0))),"")} | X12: =IFERROR(IF(AA12<VALUE(Y12),"<",""),"") | Y12: {=_xlfn.IFNA((INDEX('DMR 001C TIN & TP'!$A$3:$M$10005,MATCH(('Reg 85'!$X$6&'Reg 85'!$X$10&'Reg 85'!$B12),('DMR 001C TIN & TP'!$E$3:$E$10005&'DMR 001C TIN & TP'!$B$3:$B$10005&'DMR 001C TIN & TP'!$A$3:$A$10005),0),MATCH('Reg 85'!$Y$11,'DMR 001C TIN & TP'!$A$2:$M$2,0))),"")} | Z12: {=_xlfn.IFNA((INDEX('DMR 001C TIN & TP'!$A$3:$M$10005,MATCH(('Reg 85'!$X$6&'Reg 85'!$X$10&'Reg 85'!$B12),('DMR 001C TIN & TP'!$E$3:$E$10005&'DMR 001C TIN & TP'!$B$3:$B$10005&'DMR 001C TIN & TP'!$A$3:$A$10005),0),MATCH('Reg 85'!$Z$11,'DMR 001C TIN & TP'!$A$2:$M$2,0))),"")} | AA12: =IFERROR(IF(VALUE(Z12)<VALUE(Y12),0,VALUE(Z12)),"") | AB12: =IFERROR(IF(AE12<VALUE(AC12),"<",""),"") | AC12: {=_xlfn.IFNA((INDEX('DMR 001C TIN & TP'!$A$3:$M$10005,MATCH(('Reg 85'!$X$6&'Reg 85'!$AB$10&'Reg 85'!$B12),('DMR 001C TIN & TP'!$E$3:$E$10005&'DMR 001C TIN & TP'!$B$3:$B$10005&'DMR 001C TIN & TP'!$A$3:$A$10005),0),MATCH('Reg 85'!$AC$11,'DMR 001C TIN & TP'!$A$2:$M$2,0))),"")} | AD12: {=_xlfn.IFNA((INDEX('DMR 001C TIN & TP'!$A$3:$M$10005,MATCH(('Reg 85'!$X$6&'Reg 85'!$AB$10&'Reg 85'!$B12),('DMR 001C TIN & TP'!$E$3:$E$10005&'DMR 001C TIN & TP'!$B$3:$B$10005&'DMR 001C TIN & TP'!$A$3:$A$10005),0),MATCH('Reg 85'!$AD$11,'DMR 001C TIN & TP'!$A$2:$M$2,0))),"")} | AE12: =IFERROR(IF(VALUE(AD12)<VALUE(AC12),0,VALUE(AD12)),"") | AF12: =IFERROR(((AA12*$F12)+(AE12*$G12))/($H12),"") | AG12: {=_xlfn.IFNA((INDEX('DMR 001C TIN & TP'!$A$3:$M$10005,MATCH(('Reg 85'!$X$6&'Reg 85'!AG$10&'Reg 85'!$B12),('DMR 001C TIN & TP'!$E$3:$E$10005&'DMR 001C TIN & TP'!$B$3:$B$10005&'DMR 001C TIN & TP'!$A$3:$A$10005),0),MATCH('Reg 85'!$AG$11,'DMR 001C TIN & TP'!$A$2:$M$2,0))),"")} | AH12: {=_xlfn.IFNA((INDEX('DMR 001C TIN & TP'!$A$3:$M$10005,MATCH(('Reg 85'!$X$6&'Reg 85'!AH$10&'Reg 85'!$B12),('DMR 001C TIN & TP'!$E$3:$E$10005&'DMR 001C TIN & TP'!$B$3:$B$10005&'DMR 001C TIN & TP'!$A$3:$A$10005),0),MATCH('Reg 85'!$AG$11,'DMR 001C TIN & TP'!$A$2:$M$2,0))),"")} | AI12: {=_xlfn.IFNA((INDEX('DMR 001C TIN & TP'!$A$3:$M$10005,MATCH(('Reg 85'!$X$6&'Reg 85'!AI$10&'Reg 85'!$B12),('DMR 001C TIN & TP'!$E$3:$E$10005&'DMR 001C TIN & TP'!$B$3:$B$10005&'DMR 001C TIN & TP'!$A$3:$A$10005),0),MATCH('Reg 85'!$AG$11,'DMR 001C TIN & TP'!$A$2:$M$2,0))),"")} | AJ12: {=_xlfn.IFNA((INDEX('DMR 001C TIN & TP'!$A$3:$M$10005,MATCH(('Reg 85'!$X$6&'Reg 85'!AJ$10&'Reg 85'!$B12),('DMR 001C TIN & TP'!$E$3:$E$10005&'DMR 001C TIN & TP'!$B$3:$B$10005&'DMR 001C TIN & TP'!$A$3:$A$10005),0),MATCH('Reg 85'!$AG$11,'DMR 001C TIN & TP'!$A$2:$M$2,0))),"")} | AK12: {=_xlfn.IFNA((INDEX('DMR 001C TIN & TP'!$A$3:$M$10005,MATCH(('Reg 85'!$X$6&'Reg 85'!AK$10&'Reg 85'!$B12),('DMR 001C TIN & TP'!$E$3:$E$10005&'DMR 001C TIN & TP'!$B$3:$B$10005&'DMR 001C TIN & TP'!$A$3:$A$10005),0),MATCH('Reg 85'!$AG$11,'DMR 001C TIN & TP'!$A$2:$M$2,0))),"")} | AL12: {=_xlfn.IFNA((INDEX('DMR 001C TIN & TP'!$A$3:$M$10005,MATCH(('Reg 85'!$X$6&'Reg 85'!AL$10&'Reg 85'!$B12),('DMR 001C TIN & TP'!$E$3:$E$10005&'DMR 001C TIN & TP'!$B$3:$B$10005&'DMR 001C TIN & TP'!$A$3:$A$10005),0),MATCH('Reg 85'!$AG$11,'DMR 001C TIN & TP'!$A$2:$M$2,0))),"")} | AO12: =IFERROR(Q12+AF12,"") | AP12: =IF(COUNT(IF((#REF!<=C12)*(#REF!>=D12)*(B12=EOMONTH(B12,0)),#REF!,""))=0,"",COUNT(IF((#REF!<=C12)*(#REF!>=D12)*(B12=EOMONTH(B12,0)),#REF!,""))) | AQ12: =IFERROR(IF(VALUE(AT12)<VALUE(AR12),"<",""),"") | AR12: {=_xlfn.IFNA((INDEX('DMR 001C TIN & TP'!$A$3:$M$10005,MATCH(('Reg 85'!$AQ$6&'Reg 85'!$AQ$10&'Reg 85'!$B12),('DMR 001C TIN & TP'!$E$3:$E$10005&'DMR 001C TIN & TP'!$B$3:$B$10005&'DMR 001C TIN & TP'!$A$3:$A$10005),0),MATCH('Reg 85'!$AR$11,'DMR 001C TIN & TP'!$A$2:$M$2,0))),"")} | AS12: {=_xlfn.IFNA((INDEX('DMR 001C TIN & TP'!$A$3:$M$10005,MATCH(('Reg 85'!$AQ$6&'Reg 85'!$AQ$10&'Reg 85'!$B12),('DMR 001C TIN & TP'!$E$3:$E$10005&'DMR 001C TIN & TP'!$B$3:$B$10005&'DMR 001C TIN & TP'!$A$3:$A$10005),0),MATCH('Reg 85'!$AS$11,'DMR 001C TIN & TP'!$A$2:$M$2,0))),"")} | AT12: =IFERROR(IF(VALUE(AS12)<VALUE(AR12),0,VALUE(AS12)),"") | AV12: {=_xlfn.IFNA((INDEX('DMR 001C TIN & TP'!$A$3:$M$10005,MATCH(('Reg 85'!$AQ$6&'Reg 85'!$AU$10&'Reg 85'!$B12),('DMR 001C TIN & TP'!$E$3:$E$10005&'DMR 001C TIN & TP'!$B$3:$B$10005&'DMR 001C TIN & TP'!$A$3:$A$10005),0),MATCH('Reg 85'!$AV$11,'DMR 001C TIN & TP'!$A$2:$M$2,0))),"")} | AW12: {=_xlfn.IFNA((INDEX('DMR 001C TIN & TP'!$A$3:$M$10005,MATCH(('Reg 85'!$AQ$6&'Reg 85'!$AU$10&'Reg 85'!$B12),('DMR 001C TIN & TP'!$E$3:$E$10005&'DMR 001C TIN & TP'!$B$3:$B$10005&'DMR 001C TIN & TP'!$A$3:$A$10005),0),MATCH('Reg 85'!$AW$11,'DMR 001C TIN & TP'!$A$2:$M$2,0))),"")} | AX12: =IFERROR(IF(VALUE(AW12)<VALUE(AV12),0,VALUE(AW12)),"") | AY12: =IFERROR(((AT12*$F12)+(AX12*$G12))/($H12),"") | AZ12: =IF(COUNT(IF((#REF!<=C12)*(#REF!>=D12)*(B12=EOMONTH(B12,0)),#REF!,""))=0,"",COUNT(IF((#REF!<=C12)*(#REF!>=D12)*(B12=EOMONTH(B12,0)),#REF!,""))) | BA12: {=_xlfn.IFNA((INDEX('DMR 001C TIN & TP'!$A$3:$M$10005,MATCH(('Reg 85'!$AQ$6&'Reg 85'!BA$10&'Reg 85'!$B12),('DMR 001C TIN & TP'!$E$3:$E$10005&'DMR 001C TIN & TP'!$B$3:$B$10005&'DMR 001C TIN & TP'!$A$3:$A$10005),0),MATCH('Reg 85'!$AG$11,'DMR 001C TIN & TP'!$A$2:$M$2,0))),"")} | BB12: {=_xlfn.IFNA((INDEX('DMR 001C TIN & TP'!$A$3:$M$10005,MATCH(('Reg 85'!$AQ$6&'Reg 85'!BB$10&'Reg 85'!$B12),('DMR 001C TIN & TP'!$E$3:$E$10005&'DMR 001C TIN & TP'!$B$3:$B$10005&'DMR 001C TIN & TP'!$A$3:$A$10005),0),MATCH('Reg 85'!$AG$11,'DMR 001C TIN & TP'!$A$2:$M$2,0))),"")} | BC12: {=_xlfn.IFNA((INDEX('DMR 001C TIN & TP'!$A$3:$M$10005,MATCH(('Reg 85'!$AQ$6&'Reg 85'!BC$10&'Reg 85'!$B12),('DMR 001C TIN & TP'!$E$3:$E$10005&'DMR 001C TIN & TP'!$B$3:$B$10005&'DMR 001C TIN & TP'!$A$3:$A$10005),0),MATCH('Reg 85'!$AG$11,'DMR 001C TIN & TP'!$A$2:$M$2,0))),"")} | BD12: {=_xlfn.IFNA((INDEX('DMR 001C TIN & TP'!$A$3:$M$10005,MATCH(('Reg 85'!$AQ$6&'Reg 85'!BD$10&'Reg 85'!$B12),('DMR 001C TIN & TP'!$E$3:$E$10005&'DMR 001C TIN & TP'!$B$3:$B$10005&'DMR 001C TIN & TP'!$A$3:$A$10005),0),MATCH('Reg 85'!$AG$11,'DMR 001C TIN & TP'!$A$2:$M$2,0))),"")} | BE12: {=_xlfn.IFNA((INDEX('DMR 001C TIN & TP'!$A$3:$M$10005,MATCH(('Reg 85'!$AQ$6&'Reg 85'!BE$10&'Reg 85'!$B12),('DMR 001C TIN & TP'!$E$3:$E$10005&'DMR 001C TIN & TP'!$B$3:$B$10005&'DMR 001C TIN & TP'!$A$3:$A$10005),0),MATCH('Reg 85'!$AG$11,'DMR 001C TIN & TP'!$A$2:$M$2,0))),"")} | BF12: {=_xlfn.IFNA((INDEX('DMR 001C TIN & TP'!$A$3:$M$10005,MATCH(('Reg 85'!$AQ$6&'Reg 85'!BF$10&'Reg 85'!$B12),('DMR 001C TIN & TP'!$E$3:$E$10005&'DMR 001C TIN & TP'!$B$3:$B$10005&'DMR 001C TIN & TP'!$A$3:$A$10005),0),MATCH('Reg 85'!$AG$11,'DMR 001C TIN & TP'!$A$2:$M$2,0))),"")}
A13: =TEXT(B13,"ddd") -> Sun | B13: =B12+1 -> 43345 | C13: =EOMONTH(B13,0) -> 43373 | D13: =EOMONTH(B13,-1)+1 -> 43344 | E13: =DAY(EOMONTH(B13,0)) -> 30 | F13: {=_xlfn.IFNA(INDEX('DMR Flows-Effluent'!$A$3:$F$9999,MATCH(($F$10&$B13),('DMR Flows-Effluent'!$B$3:$B$9999&'DMR Flows-Effluent'!$A$3:$A$9999),0),MATCH($F$8,'DMR Flows-Effluent'!$A$2:$F$2,0)),"")} -> 48.7264 | G13: {=_xlfn.IFNA(INDEX('DMR Flows-Effluent'!$A$3:$F$9999,MATCH(($G$10&$B13),('DMR Flows-Effluent'!$B$3:$B$9999&'DMR Flows-Effluent'!$A$3:$A$9999),0),MATCH($F$8,'DMR Flows-Effluent'!$A$2:$F$2,0)),"")} -> 62.2851 | H13: =SUM(F13:G13) -> 111.0115 | I13: =IFERROR(IF(L13<VALUE(J13),"<",""),"") | J13: {=_xlfn.IFNA((INDEX('DMR 001C TIN & TP'!$A$3:$M$10005,MATCH(('Reg 85'!$I$6:$Q$6&'Reg 85'!$I$10:$K$10&'Reg 85'!$B13),('DMR 001C TIN & TP'!$E$3:$E$10005&'DMR 001C TIN & TP'!$B$3:$B$10005&'DMR 001C TIN & TP'!$A$3:$A$10005),0),MATCH('Reg 85'!$J$11,'DMR 001C TIN & TP'!$A$2:$M$2,0))),"")} | K13: {=_xlfn.IFNA((INDEX('DMR 001C TIN & TP'!$A$3:$M$10005,MATCH(('Reg 85'!$I$6:$Q$6&'Reg 85'!$I$10:$K$10&'Reg 85'!$B13),('DMR 001C TIN & TP'!$E$3:$E$10005&'DMR 001C TIN & TP'!$B$3:$B$10005&'DMR 001C TIN & TP'!$A$3:$A$10005),0),MATCH('Reg 85'!$K$11,'DMR 001C TIN & TP'!$A$2:$M$2,0))),"")} | L13: =IFERROR(IF(VALUE(K13)<VALUE(J13),0,VALUE(K13)),"") | M13: =IFERROR(IF(P13<VALUE(N13),"<",""),"") | N13: {=_xlfn.IFNA((INDEX('DMR 001C TIN & TP'!$A$3:$M$10005,MATCH(('Reg 85'!$I$6:$Q$6&'Reg 85'!$M$10&'Reg 85'!$B13),('DMR 001C TIN & TP'!$E$3:$E$10005&'DMR 001C TIN & TP'!$B$3:$B$10005&'DMR 001C TIN & TP'!$A$3:$A$10005),0),MATCH('Reg 85'!$N$11,'DMR 001C TIN & TP'!$A$2:$M$2,0))),"")} | O13: {=_xlfn.IFNA((INDEX('DMR 001C TIN & TP'!$A$3:$M$10005,MATCH(('Reg 85'!$I$6:$Q$6&'Reg 85'!$M$10&'Reg 85'!$B13),('DMR 001C TIN & TP'!$E$3:$E$10005&'DMR 001C TIN & TP'!$B$3:$B$10005&'DMR 001C TIN & TP'!$A$3:$A$10005),0),MATCH('Reg 85'!$O$11,'DMR 001C TIN & TP'!$A$2:$M$2,0))),"")} | P13: =IFERROR(IF(VALUE(O13)<VALUE(N13),0,VALUE(O13)),"") | Q13: {=IFERROR(((L13*$F13)+(P13*$G13))/($H13),"")} | R13: {=_xlfn.IFNA((INDEX('DMR 001C TIN & TP'!$A$3:$M$10005,MATCH(('Reg 85'!$I$6:$Q$6&'Reg 85'!R$10&'Reg 85'!$B13),('DMR 001C TIN & TP'!$E$3:$E$10005&'DMR 001C TIN & TP'!$B$3:$B$10005&'DMR 001C TIN & TP'!$A$3:$A$10005),0),MATCH('Reg 85'!$O$11,'DMR 001C TIN & TP'!$A$2:$M$2,0))),"")} | S13: {=_xlfn.IFNA((INDEX('DMR 001C TIN & TP'!$A$3:$M$10005,MATCH(('Reg 85'!$I$6:$Q$6&'Reg 85'!S$10&'Reg 85'!$B13),('DMR 001C TIN & TP'!$E$3:$E$10005&'DMR 001C TIN & TP'!$B$3:$B$10005&'DMR 001C TIN & TP'!$A$3:$A$10005),0),MATCH('Reg 85'!$O$11,'DMR 001C TIN & TP'!$A$2:$M$2,0))),"")} | T13: {=_xlfn.IFNA((INDEX('DMR 001C TIN & TP'!$A$3:$M$10005,MATCH(('Reg 85'!$I$6:$Q$6&'Reg 85'!T$10&'Reg 85'!$B13),('DMR 001C TIN & TP'!$E$3:$E$10005&'DMR 001C TIN & TP'!$B$3:$B$10005&'DMR 001C TIN & TP'!$A$3:$A$10005),0),MATCH('Reg 85'!$O$11,'DMR 001C TIN & TP'!$A$2:$M$2,0))),"")} | U13: {=_xlfn.IFNA((INDEX('DMR 001C TIN & TP'!$A$3:$M$10005,MATCH(('Reg 85'!$I$6:$Q$6&'Reg 85'!U$10&'Reg 85'!$B13),('DMR 001C TIN & TP'!$E$3:$E$10005&'DMR 001C TIN & TP'!$B$3:$B$10005&'DMR 001C TIN & TP'!$A$3:$A$10005),0),MATCH('Reg 85'!$O$11,'DMR 001C TIN & TP'!$A$2:$M$2,0))),"")} | V13: {=_xlfn.IFNA((INDEX('DMR 001C TIN & TP'!$A$3:$M$10005,MATCH(('Reg 85'!$I$6:$Q$6&'Reg 85'!V$10&'Reg 85'!$B13),('DMR 001C TIN & TP'!$E$3:$E$10005&'DMR 001C TIN & TP'!$B$3:$B$10005&'DMR 001C TIN & TP'!$A$3:$A$10005),0),MATCH('Reg 85'!$O$11,'DMR 001C TIN & TP'!$A$2:$M$2,0))),"")} | W13: {=_xlfn.IFNA((INDEX('DMR 001C TIN & TP'!$A$3:$M$10005,MATCH(('Reg 85'!$I$6:$Q$6&'Reg 85'!W$10&'Reg 85'!$B13),('DMR 001C TIN & TP'!$E$3:$E$10005&'DMR 001C TIN & TP'!$B$3:$B$10005&'DMR 001C TIN & TP'!$A$3:$A$10005),0),MATCH('Reg 85'!$O$11,'DMR 001C TIN & TP'!$A$2:$M$2,0))),"")} | X13: =IFERROR(IF(AA13<VALUE(Y13),"<",""),"") | Y13: {=_xlfn.IFNA((INDEX('DMR 001C TIN & TP'!$A$3:$M$10005,MATCH(('Reg 85'!$X$6&'Reg 85'!$X$10&'Reg 85'!$B13),('DMR 001C TIN & TP'!$E$3:$E$10005&'DMR 001C TIN & TP'!$B$3:$B$10005&'DMR 001C TIN & TP'!$A$3:$A$10005),0),MATCH('Reg 85'!$Y$11,'DMR 001C TIN & TP'!$A$2:$M$2,0))),"")} | Z13: {=_xlfn.IFNA((INDEX('DMR 001C TIN & TP'!$A$3:$M$10005,MATCH(('Reg 85'!$X$6&'Reg 85'!$X$10&'Reg 85'!$B13),('DMR 001C TIN & TP'!$E$3:$E$10005&'DMR 001C TIN & TP'!$B$3:$B$10005&'DMR 001C TIN & TP'!$A$3:$A$10005),0),MATCH('Reg 85'!$Z$11,'DMR 001C TIN & TP'!$A$2:$M$2,0))),"")} | AA13: =IFERROR(IF(VALUE(Z13)<VALUE(Y13),0,VALUE(Z13)),"") | AB13: =IFERROR(IF(AE13<VALUE(AC13),"<",""),"") | AC13: {=_xlfn.IFNA((INDEX('DMR 001C TIN & TP'!$A$3:$M$10005,MATCH(('Reg 85'!$X$6&'Reg 85'!$AB$10&'Reg 85'!$B13),('DMR 001C TIN & TP'!$E$3:$E$10005&'DMR 001C TIN & TP'!$B$3:$B$10005&'DMR 001C TIN & TP'!$A$3:$A$10005),0),MATCH('Reg 85'!$AC$11,'DMR 001C TIN & TP'!$A$2:$M$2,0))),"")} | AD13: {=_xlfn.IFNA((INDEX('DMR 001C TIN & TP'!$A$3:$M$10005,MATCH(('Reg 85'!$X$6&'Reg 85'!$AB$10&'Reg 85'!$B13),('DMR 001C TIN & TP'!$E$3:$E$10005&'DMR 001C TIN & TP'!$B$3:$B$10005&'DMR 001C TIN & TP'!$A$3:$A$10005),0),MATCH('Reg 85'!$AD$11,'DMR 001C TIN & TP'!$A$2:$M$2,0))),"")} | AE13: =IFERROR(IF(VALUE(AD13)<VALUE(AC13),0,VALUE(AD13)),"") | AF13: =IFERROR(((AA13*$F13)+(AE13*$G13))/($H13),"") | AG13: {=_xlfn.IFNA((INDEX('DMR 001C TIN & TP'!$A$3:$M$10005,MATCH(('Reg 85'!$X$6&'Reg 85'!AG$10&'Reg 85'!$B13),('DMR 001C TIN & TP'!$E$3:$E$10005&'DMR 001C TIN & TP'!$B$3:$B$10005&'DMR 001C TIN & TP'!$A$3:$A$10005),0),MATCH('Reg 85'!$AG$11,'DMR 001C TIN & TP'!$A$2:$M$2,0))),"")} | AH13: {=_xlfn.IFNA((INDEX('DMR 001C TIN & TP'!$A$3:$M$10005,MATCH(('Reg 85'!$X$6&'Reg 85'!AH$10&'Reg 85'!$B13),('DMR 001C TIN & TP'!$E$3:$E$10005&'DMR 001C TIN & TP'!$B$3:$B$10005&'DMR 001C TIN & TP'!$A$3:$A$10005),0),MATCH('Reg 85'!$AG$11,'DMR 001C TIN & TP'!$A$2:$M$2,0))),"")} | AI13: {=_xlfn.IFNA((INDEX('DMR 001C TIN & TP'!$A$3:$M$10005,MATCH(('Reg 85'!$X$6&'Reg 85'!AI$10&'Reg 85'!$B13),('DMR 001C TIN & TP'!$E$3:$E$10005&'DMR 001C TIN & TP'!$B$3:$B$10005&'DMR 001C TIN & TP'!$A$3:$A$10005),0),MATCH('Reg 85'!$AG$11,'DMR 001C TIN & TP'!$A$2:$M$2,0))),"")} | AJ13: {=_xlfn.IFNA((INDEX('DMR 001C TIN & TP'!$A$3:$M$10005,MATCH(('Reg 85'!$X$6&'Reg 85'!AJ$10&'Reg 85'!$B13),('DMR 001C TIN & TP'!$E$3:$E$10005&'DMR 001C TIN & TP'!$B$3:$B$10005&'DMR 001C TIN & TP'!$A$3:$A$10005),0),MATCH('Reg 85'!$AG$11,'DMR 001C TIN & TP'!$A$2:$M$2,0))),"")} | AK13: {=_xlfn.IFNA((INDEX('DMR 001C TIN & TP'!$A$3:$M$10005,MATCH(('Reg 85'!$X$6&'Reg 85'!AK$10&'Reg 85'!$B13),('DMR 001C TIN & TP'!$E$3:$E$10005&'DMR 001C TIN & TP'!$B$3:$B$10005&'DMR 001C TIN & TP'!$A$3:$A$10005),0),MATCH('Reg 85'!$AG$11,'DMR 001C TIN & TP'!$A$2:$M$2,0))),"")} | AL13: {=_xlfn.IFNA((INDEX('DMR 001C TIN & TP'!$A$3:$M$10005,MATCH(('Reg 85'!$X$6&'Reg 85'!AL$10&'Reg 85'!$B13),('DMR 001C TIN & TP'!$E$3:$E$10005&'DMR 001C TIN & TP'!$B$3:$B$10005&'DMR 001C TIN & TP'!$A$3:$A$10005),0),MATCH('Reg 85'!$AG$11,'DMR 001C TIN & TP'!$A$2:$M$2,0))),"")} | AO13: =IFERROR(Q13+AF13,"") | AP13: =IF(COUNT(IF((#REF!<=C13)*(#REF!>=D13)*(B13=EOMONTH(B13,0)),#REF!,""))=0,"",COUNT(IF((#REF!<=C13)*(#REF!>=D13)*(B13=EOMONTH(B13,0)),#REF!,""))) | AR13: {=_xlfn.IFNA((INDEX('DMR 001C TIN & TP'!$A$3:$M$10005,MATCH(('Reg 85'!$AQ$6&'Reg 85'!$AQ$10&'Reg 85'!$B13),('DMR 001C TIN & TP'!$E$3:$E$10005&'DMR 001C TIN & TP'!$B$3:$B$10005&'DMR 001C TIN & TP'!$A$3:$A$10005),0),MATCH('Reg 85'!$AR$11,'DMR 001C TIN & TP'!$A$2:$M$2,0))),"")} -> 0.03 | AS13: {=_xlfn.IFNA((INDEX('DMR 001C TIN & TP'!$A$3:$M$10005,MATCH(('Reg 85'!$AQ$6&'Reg 85'!$AQ$10&'Reg 85'!$B13),('DMR 001C TIN & TP'!$E$3:$E$10005&'DMR 001C TIN & TP'!$B$3:$B$10005&'DMR 001C TIN & TP'!$A$3:$A$10005),0),MATCH('Reg 85'!$AS$11,'DMR 001C TIN & TP'!$A$2:$M$2,0))),"")} -> 0.55 | AT13: =IFERROR(IF(VALUE(AS13)<VALUE(AR13),0,VALUE(AS13)),"") -> 0.55 | AV13: {=_xlfn.IFNA((INDEX('DMR 001C TIN & TP'!$A$3:$M$10005,MATCH(('Reg 85'!$AQ$6&'Reg 85'!$AU$10&'Reg 85'!$B13),('DMR 001C TIN & TP'!$E$3:$E$10005&'DMR 001C TIN & TP'!$B$3:$B$10005&'DMR 001C TIN & TP'!$A$3:$A$10005),0),MATCH('Reg 85'!$AV$11,'DMR 001C TIN & TP'!$A$2:$M$2,0))),"")} -> 0.03 | AW13: {=_xlfn.IFNA((INDEX('DMR 001C TIN & TP'!$A$3:$M$10005,MATCH(('Reg 85'!$AQ$6&'Reg 85'!$AU$10&'Reg 85'!$B13),('DMR 001C TIN & TP'!$E$3:$E$10005&'DMR 001C TIN & TP'!$B$3:$B$10005&'DMR 001C TIN & TP'!$A$3:$A$10005),0),MATCH('Reg 85'!$AW$11,'DMR 001C TIN & TP'!$A$2:$M$2,0))),"")} -> 3.6 | AX13: =IFERROR(IF(VALUE(AW13)<VALUE(AV13),0,VALUE(AW13)),"") -> 3.6 | AY13: =IFERROR(((AT13*$F13)+(AX13*$G13))/($H13),"") -> 2.2612601 | AZ13: =IF(COUNT(IF((#REF!<=C13)*(#REF!>=D13)*(B13=EOMONTH(B13,0)),#REF!,""))=0,"",COUNT(IF((#REF!<=C13)*(#REF!>=D13)*(B13=EOMONTH(B13,0)),#REF!,""))) | BA13: {=_xlfn.IFNA((INDEX('DMR 001C TIN & TP'!$A$3:$M$10005,MATCH(('Reg 85'!$AQ$6&'Reg 85'!BA$10&'Reg 85'!$B13),('DMR 001C TIN & TP'!$E$3:$E$10005&'DMR 001C TIN & TP'!$B$3:$B$10005&'DMR 001C TIN & TP'!$A$3:$A$10005),0),MATCH('Reg 85'!$AG$11,'DMR 001C TIN & TP'!$A$2:$M$2,0))),"")} | BB13: {=_xlfn.IFNA((INDEX('DMR 001C TIN & TP'!$A$3:$M$10005,MATCH(('Reg 85'!$AQ$6&'Reg 85'!BB$10&'Reg 85'!$B13),('DMR 001C TIN & TP'!$E$3:$E$10005&'DMR 001C TIN & TP'!$B$3:$B$10005&'DMR 001C TIN & TP'!$A$3:$A$10005),0),MATCH('Reg 85'!$AG$11,'DMR 001C TIN & TP'!$A$2:$M$2,0))),"")} | BC13: {=_xlfn.IFNA((INDEX('DMR 001C TIN & TP'!$A$3:$M$10005,MATCH(('Reg 85'!$AQ$6&'Reg 85'!BC$10&'Reg 85'!$B13),('DMR 001C TIN & TP'!$E$3:$E$10005&'DMR 001C TIN & TP'!$B$3:$B$10005&'DMR 001C TIN & TP'!$A$3:$A$10005),0),MATCH('Reg 85'!$AG$11,'DMR 001C TIN & TP'!$A$2:$M$2,0))),"")} | BD13: {=_xlfn.IFNA((INDEX('DMR 001C TIN & TP'!$A$3:$M$10005,MATCH(('Reg 85'!$AQ$6&'Reg 85'!BD$10&'Reg 85'!$B13),('DMR 001C TIN & TP'!$E$3:$E$10005&'DMR 001C TIN & TP'!$B$3:$B$10005&'DMR 001C TIN & TP'!$A$3:$A$10005),0),MATCH('Reg 85'!$AG$11,'DMR 001C TIN & TP'!$A$2:$M$2,0))),"")} | BE13: {=_xlfn.IFNA((INDEX('DMR 001C TIN & TP'!$A$3:$M$10005,MATCH(('Reg 85'!$AQ$6&'Reg 85'!BE$10&'Reg 85'!$B13),('DMR 001C TIN & TP'!$E$3:$E$10005&'DMR 001C TIN & TP'!$B$3:$B$10005&'DMR 001C TIN & TP'!$A$3:$A$10005),0),MATCH('Reg 85'!$AG$11,'DMR 001C TIN & TP'!$A$2:$M$2,0))),"")} | BF13: {=_xlfn.IFNA((INDEX('DMR 001C TIN & TP'!$A$3:$M$10005,MATCH(('Reg 85'!$AQ$6&'Reg 85'!BF$10&'Reg 85'!$B13),('DMR 001C TIN & TP'!$E$3:$E$10005&'DMR 001C TIN & TP'!$B$3:$B$10005&'DMR 001C TIN & TP'!$A$3:$A$10005),0),MATCH('Reg 85'!$AG$11,'DMR 001C TIN & TP'!$A$2:$M$2,0))),"")}
A14: =TEXT(B14,"ddd") -> Mon | B14: =B13+1 -> 43346 | C14: =EOMONTH(B14,0) -> 43373 | D14: =EOMONTH(B14,-1)+1 -> 43344 | E14: =DAY(EOMONTH(B14,0)) -> 30 | F14: {=_xlfn.IFNA(INDEX('DMR Flows-Effluent'!$A$3:$F$9999,MATCH(($F$10&$B14),('DMR Flows-Effluent'!$B$3:$B$9999&'DMR Flows-Effluent'!$A$3:$A$9999),0),MATCH($F$8,'DMR Flows-Effluent'!$A$2:$F$2,0)),"")} -> 51.5003 | G14: {=_xlfn.IFNA(INDEX('DMR Flows-Effluent'!$A$3:$F$9999,MATCH(($G$10&$B14),('DMR Flows-Effluent'!$B$3:$B$9999&'DMR Flows-Effluent'!$A$3:$A$9999),0),MATCH($F$8,'DMR Flows-Effluent'!$A$2:$F$2,0)),"")} -> 60.1241 | H14: =SUM(F14:G14) -> 111.6244 | I14: =IFERROR(IF(L14<VALUE(J14),"<",""),"") | J14: {=_xlfn.IFNA((INDEX('DMR 001C TIN & TP'!$A$3:$M$10005,MATCH(('Reg 85'!$I$6:$Q$6&'Reg 85'!$I$10:$K$10&'Reg 85'!$B14),('DMR 001C TIN & TP'!$E$3:$E$10005&'DMR 001C TIN & TP'!$B$3:$B$10005&'DMR 001C TIN & TP'!$A$3:$A$10005),0),MATCH('Reg 85'!$J$11,'DMR 001C TIN & TP'!$A$2:$M$2,0))),"")} -> 0.15 | K14: {=_xlfn.IFNA((INDEX('DMR 001C TIN & TP'!$A$3:$M$10005,MATCH(('Reg 85'!$I$6:$Q$6&'Reg 85'!$I$10:$K$10&'Reg 85'!$B14),('DMR 001C TIN & TP'!$E$3:$E$10005&'DMR 001C TIN & TP'!$B$3:$B$10005&'DMR 001C TIN & TP'!$A$3:$A$10005),0),MATCH('Reg 85'!$K$11,'DMR 001C TIN & TP'!$A$2:$M$2,0))),"")} -> 1.18 | L14: =IFERROR(IF(VALUE(K14)<VALUE(J14),0,VALUE(K14)),"") -> 1.18 | M14: =IFERROR(IF(P14<VALUE(N14),"<",""),"") | N14: {=_xlfn.IFNA((INDEX('DMR 001C TIN & TP'!$A$3:$M$10005,MATCH(('Reg 85'!$I$6:$Q$6&'Reg 85'!$M$10&'Reg 85'!$B14),('DMR 001C TIN & TP'!$E$3:$E$10005&'DMR 001C TIN & TP'!$B$3:$B$10005&'DMR 001C TIN & TP'!$A$3:$A$10005),0),MATCH('Reg 85'!$N$11,'DMR 001C TIN & TP'!$A$2:$M$2,0))),"")} -> 0.15 | O14: {=_xlfn.IFNA((INDEX('DMR 001C TIN & TP'!$A$3:$M$10005,MATCH(('Reg 85'!$I$6:$Q$6&'Reg 85'!$M$10&'Reg 85'!$B14),('DMR 001C TIN & TP'!$E$3:$E$10005&'DMR 001C TIN & TP'!$B$3:$B$10005&'DMR 001C TIN & TP'!$A$3:$A$10005),0),MATCH('Reg 85'!$O$11,'DMR 001C TIN & TP'!$A$2:$M$2,0))),"")} -> 0.2 | P14: =IFERROR(IF(VALUE(O14)<VALUE(N14),0,VALUE(O14)),"") -> 0.2 | Q14: {=IFERROR(((L14*$F14)+(P14*$G14))/($H14),"")} -> 0.65214392 | R14: {=_xlfn.IFNA((INDEX('DMR 001C TIN & TP'!$A$3:$M$10005,MATCH(('Reg 85'!$I$6:$Q$6&'Reg 85'!R$10&'Reg 85'!$B14),('DMR 001C TIN & TP'!$E$3:$E$10005&'DMR 001C TIN & TP'!$B$3:$B$10005&'DMR 001C TIN & TP'!$A$3:$A$10005),0),MATCH('Reg 85'!$O$11,'DMR 001C TIN & TP'!$A$2:$M$2,0))),"")} | S14: {=_xlfn.IFNA((INDEX('DMR 001C TIN & TP'!$A$3:$M$10005,MATCH(('Reg 85'!$I$6:$Q$6&'Reg 85'!S$10&'Reg 85'!$B14),('DMR 001C TIN & TP'!$E$3:$E$10005&'DMR 001C TIN & TP'!$B$3:$B$10005&'DMR 001C TIN & TP'!$A$3:$A$10005),0),MATCH('Reg 85'!$O$11,'DMR 001C TIN & TP'!$A$2:$M$2,0))),"")} | T14: {=_xlfn.IFNA((INDEX('DMR 001C TIN & TP'!$A$3:$M$10005,MATCH(('Reg 85'!$I$6:$Q$6&'Reg 85'!T$10&'Reg 85'!$B14),('DMR 001C TIN & TP'!$E$3:$E$10005&'DMR 001C TIN & TP'!$B$3:$B$10005&'DMR 001C TIN & TP'!$A$3:$A$10005),0),MATCH('Reg 85'!$O$11,'DMR 001C TIN & TP'!$A$2:$M$2,0))),"")} | U14: {=_xlfn.IFNA((INDEX('DMR 001C TIN & TP'!$A$3:$M$10005,MATCH(('Reg 85'!$I$6:$Q$6&'Reg 85'!U$10&'Reg 85'!$B14),('DMR 001C TIN & TP'!$E$3:$E$10005&'DMR 001C TIN & TP'!$B$3:$B$10005&'DMR 001C TIN & TP'!$A$3:$A$10005),0),MATCH('Reg 85'!$O$11,'DMR 001C TIN & TP'!$A$2:$M$2,0))),"")} | V14: {=_xlfn.IFNA((INDEX('DMR 001C TIN & TP'!$A$3:$M$10005,MATCH(('Reg 85'!$I$6:$Q$6&'Reg 85'!V$10&'Reg 85'!$B14),('DMR 001C TIN & TP'!$E$3:$E$10005&'DMR 001C TIN & TP'!$B$3:$B$10005&'DMR 001C TIN & TP'!$A$3:$A$10005),0),MATCH('Reg 85'!$O$11,'DMR 001C TIN & TP'!$A$2:$M$2,0))),"")} | W14: {=_xlfn.IFNA((INDEX('DMR 001C TIN & TP'!$A$3:$M$10005,MATCH(('Reg 85'!$I$6:$Q$6&'Reg 85'!W$10&'Reg 85'!$B14),('DMR 001C TIN & TP'!$E$3:$E$10005&'DMR 001C TIN & TP'!$B$3:$B$10005&'DMR 001C TIN & TP'!$A$3:$A$10005),0),MATCH('Reg 85'!$O$11,'DMR 001C TIN & TP'!$A$2:$M$2,0))),"")} | X14: =IFERROR(IF(AA14<VALUE(Y14),"<",""),"") | Y14: {=_xlfn.IFNA((INDEX('DMR 001C TIN & TP'!$A$3:$M$10005,MATCH(('Reg 85'!$X$6&'Reg 85'!$X$10&'Reg 85'!$B14),('DMR 001C TIN & TP'!$E$3:$E$10005&'DMR 001C TIN & TP'!$B$3:$B$10005&'DMR 001C TIN & TP'!$A$3:$A$10005),0),MATCH('Reg 85'!$Y$11,'DMR 001C TIN & TP'!$A$2:$M$2,0))),"")} -> 0.06 | Z14: {=_xlfn.IFNA((INDEX('DMR 001C TIN & TP'!$A$3:$M$10005,MATCH(('Reg 85'!$X$6&'Reg 85'!$X$10&'Reg 85'!$B14),('DMR 001C TIN & TP'!$E$3:$E$10005&'DMR 001C TIN & TP'!$B$3:$B$10005&'DMR 001C TIN & TP'!$A$3:$A$10005),0),MATCH('Reg 85'!$Z$11,'DMR 001C TIN & TP'!$A$2:$M$2,0))),"")} -> 5.57 | AA14: =IFERROR(IF(VALUE(Z14)<VALUE(Y14),0,VALUE(Z14)),"") -> 5.57 | AB14: =IFERROR(IF(AE14<VALUE(AC14),"<",""),"") | AC14: {=_xlfn.IFNA((INDEX('DMR 001C TIN & TP'!$A$3:$M$10005,MATCH(('Reg 85'!$X$6&'Reg 85'!$AB$10&'Reg 85'!$B14),('DMR 001C TIN & TP'!$E$3:$E$10005&'DMR 001C TIN & TP'!$B$3:$B$10005&'DMR 001C TIN & TP'!$A$3:$A$10005),0),MATCH('Reg 85'!$AC$11,'DMR 001C TIN & TP'!$A$2:$M$2,0))),"")} -> 0.06 | AD14: {=_xlfn.IFNA((INDEX('DMR 001C TIN & TP'!$A$3:$M$10005,MATCH(('Reg 85'!$X$6&'Reg 85'!$AB$10&'Reg 85'!$B14),('DMR 001C TIN & TP'!$E$3:$E$10005&'DMR 001C TIN & TP'!$B$3:$B$10005&'DMR 001C TIN & TP'!$A$3:$A$10005),0),MATCH('Reg 85'!$AD$11,'DMR 001C TIN & TP'!$A$2:$M$2,0))),"")} -> 6.12 | AE14: =IFERROR(IF(VALUE(AD14)<VALUE(AC14),0,VALUE(AD14)),"") -> 6.12 | AF14: =IFERROR(((AA14*$F14)+(AE14*$G14))/($H14),"") -> 5.8662458 | AG14: {=_xlfn.IFNA((INDEX('DMR 001C TIN & TP'!$A$3:$M$10005,MATCH(('Reg 85'!$X$6&'Reg 85'!AG$10&'Reg 85'!$B14),('DMR 001C TIN & TP'!$E$3:$E$10005&'DMR 001C TIN & TP'!$B$3:$B$10005&'DMR 001C TIN & TP'!$A$3:$A$10005),0),MATCH('Reg 85'!$AG$11,'DMR 001C TIN & TP'!$A$2:$M$2,0))),"")} | AH14: {=_xlfn.IFNA((INDEX('DMR 001C TIN & TP'!$A$3:$M$10005,MATCH(('Reg 85'!$X$6&'Reg 85'!AH$10&'Reg 85'!$B14),('DMR 001C TIN & TP'!$E$3:$E$10005&'DMR 001C TIN & TP'!$B$3:$B$10005&'DMR 001C TIN & TP'!$A$3:$A$10005),0),MATCH('Reg 85'!$AG$11,'DMR 001C TIN & TP'!$A$2:$M$2,0))),"")} | AI14: {=_xlfn.IFNA((INDEX('DMR 001C TIN & TP'!$A$3:$M$10005,MATCH(('Reg 85'!$X$6&'Reg 85'!AI$10&'Reg 85'!$B14),('DMR 001C TIN & TP'!$E$3:$E$10005&'DMR 001C TIN & TP'!$B$3:$B$10005&'DMR 001C TIN & TP'!$A$3:$A$10005),0),MATCH('Reg 85'!$AG$11,'DMR 001C TIN & TP'!$A$2:$M$2,0))),"")} | AJ14: {=_xlfn.IFNA((INDEX('DMR 001C TIN & TP'!$A$3:$M$10005,MATCH(('Reg 85'!$X$6&'Reg 85'!AJ$10&'Reg 85'!$B14),('DMR 001C TIN & TP'!$E$3:$E$10005&'DMR 001C TIN & TP'!$B$3:$B$10005&'DMR 001C TIN & TP'!$A$3:$A$10005),0),MATCH('Reg 85'!$AG$11,'DMR 001C TIN & TP'!$A$2:$M$2,0))),"")} | AK14: {=_xlfn.IFNA((INDEX('DMR 001C TIN & TP'!$A$3:$M$10005,MATCH(('Reg 85'!$X$6&'Reg 85'!AK$10&'Reg 85'!$B14),('DMR 001C TIN & TP'!$E$3:$E$10005&'DMR 001C TIN & TP'!$B$3:$B$10005&'DMR 001C TIN & TP'!$A$3:$A$10005),0),MATCH('Reg 85'!$AG$11,'DMR 001C TIN & TP'!$A$2:$M$2,0))),"")} | AL14: {=_xlfn.IFNA((INDEX('DMR 001C TIN & TP'!$A$3:$M$10005,MATCH(('Reg 85'!$X$6&'Reg 85'!AL$10&'Reg 85'!$B14),('DMR 001C TIN & TP'!$E$3:$E$10005&'DMR 001C TIN & TP'!$B$3:$B$10005&'DMR 001C TIN & TP'!$A$3:$A$10005),0),MATCH('Reg 85'!$AG$11,'DMR 001C TIN & TP'!$A$2:$M$2,0))),"")} | AO14: =IFERROR(Q14+AF14,"") -> 6.5183897 | AP14: =IF(COUNT(IF((#REF!<=C14)*(#REF!>=D14)*(B14=EOMONTH(B14,0)),#REF!,""))=0,"",COUNT(IF((#REF!<=C14)*(#REF!>=D14)*(B14=EOMONTH(B14,0)),#REF!,""))) | AR14: {=_xlfn.IFNA((INDEX('DMR 001C TIN & TP'!$A$3:$M$10005,MATCH(('Reg 85'!$AQ$6&'Reg 85'!$AQ$10&'Reg 85'!$B14),('DMR 001C TIN & TP'!$E$3:$E$10005&'DMR 001C TIN & TP'!$B$3:$B$10005&'DMR 001C TIN & TP'!$A$3:$A$10005),0),MATCH('Reg 85'!$AR$11,'DMR 001C TIN & TP'!$A$2:$M$2,0))),"")} | AS14: {=_xlfn.IFNA((INDEX('DMR 001C TIN & TP'!$A$3:$M$10005,MATCH(('Reg 85'!$AQ$6&'Reg 85'!$AQ$10&'Reg 85'!$B14),('DMR 001C TIN & TP'!$E$3:$E$10005&'DMR 001C TIN & TP'!$B$3:$B$10005&'DMR 001C TIN & TP'!$A$3:$A$10005),0),MATCH('Reg 85'!$AS$11,'DMR 001C TIN & TP'!$A$2:$M$2,0))),"")} | AT14: =IFERROR(IF(VALUE(AS14)<VALUE(AR14),0,VALUE(AS14)),"") | AV14: {=_xlfn.IFNA((INDEX('DMR 001C TIN & TP'!$A$3:$M$10005,MATCH(('Reg 85'!$AQ$6&'Reg 85'!$AU$10&'Reg 85'!$B14),('DMR 001C TIN & TP'!$E$3:$E$10005&'DMR 001C TIN & TP'!$B$3:$B$10005&'DMR 001C TIN & TP'!$A$3:$A$10005),0),MATCH('Reg 85'!$AV$11,'DMR 001C TIN & TP'!$A$2:$M$2,0))),"")} | AW14: {=_xlfn.IFNA((INDEX('DMR 001C TIN & TP'!$A$3:$M$10005,MATCH(('Reg 85'!$AQ$6&'Reg 85'!$AU$10&'Reg 85'!$B14),('DMR 001C TIN & TP'!$E$3:$E$10005&'DMR 001C TIN & TP'!$B$3:$B$10005&'DMR 001C TIN & TP'!$A$3:$A$10005),0),MATCH('Reg 85'!$AW$11,'DMR 001C TIN & TP'!$A$2:$M$2,0))),"")} | AX14: =IFERROR(IF(VALUE(AW14)<VALUE(AV14),0,VALUE(AW14)),"") | AY14: =IFERROR(((AT14*$F14)+(AX14*$G14))/($H14),"") | AZ14: =IF(COUNT(IF((#REF!<=C14)*(#REF!>=D14)*(B14=EOMONTH(B14,0)),#REF!,""))=0,"",COUNT(IF((#REF!<=C14)*(#REF!>=D14)*(B14=EOMONTH(B14,0)),#REF!,""))) | BA14: {=_xlfn.IFNA((INDEX('DMR 001C TIN & TP'!$A$3:$M$10005,MATCH(('Reg 85'!$AQ$6&'Reg 85'!BA$10&'Reg 85'!$B14),('DMR 001C TIN & TP'!$E$3:$E$10005&'DMR 001C TIN & TP'!$B$3:$B$10005&'DMR 001C TIN & TP'!$A$3:$A$10005),0),MATCH('Reg 85'!$AG$11,'DMR 001C TIN & TP'!$A$2:$M$2,0))),"")} | BB14: {=_xlfn.IFNA((INDEX('DMR 001C TIN & TP'!$A$3:$M$10005,MATCH(('Reg 85'!$AQ$6&'Reg 85'!BB$10&'Reg 85'!$B14),('DMR 001C TIN & TP'!$E$3:$E$10005&'DMR 001C TIN & TP'!$B$3:$B$10005&'DMR 001C TIN & TP'!$A$3:$A$10005),0),MATCH('Reg 85'!$AG$11,'DMR 001C TIN & TP'!$A$2:$M$2,0))),"")} | BC14: {=_xlfn.IFNA((INDEX('DMR 001C TIN & TP'!$A$3:$M$10005,MATCH(('Reg 85'!$AQ$6&'Reg 85'!BC$10&'Reg 85'!$B14),('DMR 001C TIN & TP'!$E$3:$E$10005&'DMR 001C TIN & TP'!$B$3:$B$10005&'DMR 001C TIN & TP'!$A$3:$A$10005),0),MATCH('Reg 85'!$AG$11,'DMR 001C TIN & TP'!$A$2:$M$2,0))),"")} | BD14: {=_xlfn.IFNA((INDEX('DMR 001C TIN & TP'!$A$3:$M$10005,MATCH(('Reg 85'!$AQ$6&'Reg 85'!BD$10&'Reg 85'!$B14),('DMR 001C TIN & TP'!$E$3:$E$10005&'DMR 001C TIN & TP'!$B$3:$B$10005&'DMR 001C TIN & TP'!$A$3:$A$10005),0),MATCH('Reg 85'!$AG$11,'DMR 001C TIN & TP'!$A$2:$M$2,0))),"")} | BE14: {=_xlfn.IFNA((INDEX('DMR 001C TIN & TP'!$A$3:$M$10005,MATCH(('Reg 85'!$AQ$6&'Reg 85'!BE$10&'Reg 85'!$B14),('DMR 001C TIN & TP'!$E$3:$E$10005&'DMR 001C TIN & TP'!$B$3:$B$10005&'DMR 001C TIN & TP'!$A$3:$A$10005),0),MATCH('Reg 85'!$AG$11,'DMR 001C TIN & TP'!$A$2:$M$2,0))),"")} | BF14: {=_xlfn.IFNA((INDEX('DMR 001C TIN & TP'!$A$3:$M$10005,MATCH(('Reg 85'!$AQ$6&'Reg 85'!BF$10&'Reg 85'!$B14),('DMR 001C TIN & TP'!$E$3:$E$10005&'DMR 001C TIN & TP'!$B$3:$B$10005&'DMR 001C TIN & TP'!$A$3:$A$10005),0),MATCH('Reg 85'!$AG$11,'DMR 001C TIN & TP'!$A$2:$M$2,0))),"")}
A15: =TEXT(B15,"ddd") -> Tue | B15: =B14+1 -> 43347 | C15: =EOMONTH(B15,0) -> 43373 | D15: =EOMONTH(B15,-1)+1 -> 43344 | E15: =DAY(EOMONTH(B15,0)) -> 30 | F15: {=_xlfn.IFNA(INDEX('DMR Flows-Effluent'!$A$3:$F$9999,MATCH(($F$10&$B15),('DMR Flows-Effluent'!$B$3:$B$9999&'DMR Flows-Effluent'!$A$3:$A$9999),0),MATCH($F$8,'DMR Flows-Effluent'!$A$2:$F$2,0)),"")} -> 45.3051 | G15: {=_xlfn.IFNA(INDEX('DMR Flows-Effluent'!$A$3:$F$9999,MATCH(($G$10&$B15),('DMR Flows-Effluent'!$B$3:$B$9999&'DMR Flows-Effluent'!$A$3:$A$9999),0),MATCH($F$8,'DMR Flows-Effluent'!$A$2:$F$2,0)),"")} -> 68.3167 | H15: =SUM(F15:G15) -> 113.6218 | I15: =IFERROR(IF(L15<VALUE(J15),"<",""),"") | J15: {=_xlfn.IFNA((INDEX('DMR 001C TIN & TP'!$A$3:$M$10005,MATCH(('Reg 85'!$I$6:$Q$6&'Reg 85'!$I$10:$K$10&'Reg 85'!$B15),('DMR 001C TIN & TP'!$E$3:$E$10005&'DMR 001C TIN & TP'!$B$3:$B$10005&'DMR 001C TIN & TP'!$A$3:$A$10005),0),MATCH('Reg 85'!$J$11,'DMR 001C TIN & TP'!$A$2:$M$2,0))),"")} -> 0.15 | K15: {=_xlfn.IFNA((INDEX('DMR 001C TIN & TP'!$A$3:$M$10005,MATCH(('Reg 85'!$I$6:$Q$6&'Reg 85'!$I$10:$K$10&'Reg 85'!$B15),('DMR 001C TIN & TP'!$E$3:$E$10005&'DMR 001C TIN & TP'!$B$3:$B$10005&'DMR 001C TIN & TP'!$A$3:$A$10005),0),MATCH('Reg 85'!$K$11,'DMR 001C TIN & TP'!$A$2:$M$2,0))),"")} -> 0.25 | L15: =IFERROR(IF(VALUE(K15)<VALUE(J15),0,VALUE(K15)),"") -> 0.25 | M15: =IFERROR(IF(P15<VALUE(N15),"<",""),"") | N15: {=_xlfn.IFNA((INDEX('DMR 001C TIN & TP'!$A$3:$M$10005,MATCH(('Reg 85'!$I$6:$Q$6&'Reg 85'!$M$10&'Reg 85'!$B15),('DMR 001C TIN & TP'!$E$3:$E$10005&'DMR 001C TIN & TP'!$B$3:$B$10005&'DMR 001C TIN & TP'!$A$3:$A$10005),0),MATCH('Reg 85'!$N$11,'DMR 001C TIN & TP'!$A$2:$M$2,0))),"")} -> 0.15 | O15: {=_xlfn.IFNA((INDEX('DMR 001C TIN & TP'!$A$3:$M$10005,MATCH(('Reg 85'!$I$6:$Q$6&'Reg 85'!$M$10&'Reg 85'!$B15),('DMR 001C TIN & TP'!$E$3:$E$10005&'DMR 001C TIN & TP'!$B$3:$B$10005&'DMR 001C TIN & TP'!$A$3:$A$10005),0),MATCH('Reg 85'!$O$11,'DMR 001C TIN & TP'!$A$2:$M$2,0))),"")} -> 0.34 | P15: =IFERROR(IF(VALUE(O15)<VALUE(N15),0,VALUE(O15)),"") -> 0.34 | Q15: {=IFERROR(((L15*$F15)+(P15*$G15))/($H15),"")} -> 0.30411376 | R15: {=_xlfn.IFNA((INDEX('DMR 001C TIN & TP'!$A$3:$M$10005,MATCH(('Reg 85'!$I$6:$Q$6&'Reg 85'!R$10&'Reg 85'!$B15),('DMR 001C TIN & TP'!$E$3:$E$10005&'DMR 001C TIN & TP'!$B$3:$B$10005&'DMR 001C TIN & TP'!$A$3:$A$10005),0),MATCH('Reg 85'!$O$11,'DMR 001C TIN & TP'!$A$2:$M$2,0))),"")} | S15: {=_xlfn.IFNA((INDEX('DMR 001C TIN & TP'!$A$3:$M$10005,MATCH(('Reg 85'!$I$6:$Q$6&'Reg 85'!S$10&'Reg 85'!$B15),('DMR 001C TIN & TP'!$E$3:$E$10005&'DMR 001C TIN & TP'!$B$3:$B$10005&'DMR 001C TIN & TP'!$A$3:$A$10005),0),MATCH('Reg 85'!$O$11,'DMR 001C TIN & TP'!$A$2:$M$2,0))),"")} | T15: {=_xlfn.IFNA((INDEX('DMR 001C TIN & TP'!$A$3:$M$10005,MATCH(('Reg 85'!$I$6:$Q$6&'Reg 85'!T$10&'Reg 85'!$B15),('DMR 001C TIN & TP'!$E$3:$E$10005&'DMR 001C TIN & TP'!$B$3:$B$10005&'DMR 001C TIN & TP'!$A$3:$A$10005),0),MATCH('Reg 85'!$O$11,'DMR 001C TIN & TP'!$A$2:$M$2,0))),"")} | U15: {=_xlfn.IFNA((INDEX('DMR 001C TIN & TP'!$A$3:$M$10005,MATCH(('Reg 85'!$I$6:$Q$6&'Reg 85'!U$10&'Reg 85'!$B15),('DMR 001C TIN & TP'!$E$3:$E$10005&'DMR 001C TIN & TP'!$B$3:$B$10005&'DMR 001C TIN & TP'!$A$3:$A$10005),0),MATCH('Reg 85'!$O$11,'DMR 001C TIN & TP'!$A$2:$M$2,0))),"")} | V15: {=_xlfn.IFNA((INDEX('DMR 001C TIN & TP'!$A$3:$M$10005,MATCH(('Reg 85'!$I$6:$Q$6&'Reg 85'!V$10&'Reg 85'!$B15),('DMR 001C TIN & TP'!$E$3:$E$10005&'DMR 001C TIN & TP'!$B$3:$B$10005&'DMR 001C TIN & TP'!$A$3:$A$10005),0),MATCH('Reg 85'!$O$11,'DMR 001C TIN & TP'!$A$2:$M$2,0))),"")} | W15: {=_xlfn.IFNA((INDEX('DMR 001C TIN & TP'!$A$3:$M$10005,MATCH(('Reg 85'!$I$6:$Q$6&'Reg 85'!W$10&'Reg 85'!$B15),('DMR 001C TIN & TP'!$E$3:$E$10005&'DMR 001C TIN & TP'!$B$3:$B$10005&'DMR 001C TIN & TP'!$A$3:$A$10005),0),MATCH('Reg 85'!$O$11,'DMR 001C TIN & TP'!$A$2:$M$2,0))),"")} | X15: =IFERROR(IF(AA15<VALUE(Y15),"<",""),"") | Y15: {=_xlfn.IFNA((INDEX('DMR 001C TIN & TP'!$A$3:$M$10005,MATCH(('Reg 85'!$X$6&'Reg 85'!$X$10&'Reg 85'!$B15),('DMR 001C TIN & TP'!$E$3:$E$10005&'DMR 001C TIN & TP'!$B$3:$B$10005&'DMR 001C TIN & TP'!$A$3:$A$10005),0),MATCH('Reg 85'!$Y$11,'DMR 001C TIN & TP'!$A$2:$M$2,0))),"")} -> 0.18 | Z15: {=_xlfn.IFNA((INDEX('DMR 001C TIN & TP'!$A$3:$M$10005,MATCH(('Reg 85'!$X$6&'Reg 85'!$X$10&'Reg 85'!$B15),('DMR 001C TIN & TP'!$E$3:$E$10005&'DMR 001C TIN & TP'!$B$3:$B$10005&'DMR 001C TIN & TP'!$A$3:$A$10005),0),MATCH('Reg 85'!$Z$11,'DMR 001C TIN & TP'!$A$2:$M$2,0))),"")} -> 4.59 | AA15: =IFERROR(IF(VALUE(Z15)<VALUE(Y15),0,VALUE(Z15)),"") -> 4.59 | AB15: =IFERROR(IF(AE15<VALUE(AC15),"<",""),"") | AC15: {=_xlfn.IFNA((INDEX('DMR 001C TIN & TP'!$A$3:$M$10005,MATCH(('Reg 85'!$X$6&'Reg 85'!$AB$10&'Reg 85'!$B15),('DMR 001C TIN & TP'!$E$3:$E$10005&'DMR 001C TIN & TP'!$B$3:$B$10005&'DMR 001C TIN & TP'!$A$3:$A$10005),0),MATCH('Reg 85'!$AC$11,'DMR 001C TIN & TP'!$A$2:$M$2,0))),"")} -> 0.06 | AD15: {=_xlfn.IFNA((INDEX('DMR 001C TIN & TP'!$A$3:$M$10005,MATCH(('Reg 85'!$X$6&'Reg 85'!$AB$10&'Reg 85'!$B15),('DMR 001C TIN & TP'!$E$3:$E$10005&'DMR 001C TIN & TP'!$B$3:$B$10005&'DMR 001C TIN & TP'!$A$3:$A$10005),0),MATCH('Reg 85'!$AD$11,'DMR 001C TIN & TP'!$A$2:$M$2,0))),"")} -> 5.18 | AE15: =IFERROR(IF(VALUE(AD15)<VALUE(AC15),0,VALUE(AD15)),"") -> 5.18 | AF15: =IFERROR(((AA15*$F15)+(AE15*$G15))/($H15),"") -> 4.9447458 | AG15: {=_xlfn.IFNA((INDEX('DMR 001C TIN & TP'!$A$3:$M$10005,MATCH(('Reg 85'!$X$6&'Reg 85'!AG$10&'Reg 85'!$B15),('DMR 001C TIN & TP'!$E$3:$E$10005&'DMR 001C TIN & TP'!$B$3:$B$10005&'DMR 001C TIN & TP'!$A$3:$A$10005),0),MATCH('Reg 85'!$AG$11,'DMR 001C TIN & TP'!$A$2:$M$2,0))),"")} | AH15: {=_xlfn.IFNA((INDEX('DMR 001C TIN & TP'!$A$3:$M$10005,MATCH(('Reg 85'!$X$6&'Reg 85'!AH$10&'Reg 85'!$B15),('DMR 001C TIN & TP'!$E$3:$E$10005&'DMR 001C TIN & TP'!$B$3:$B$10005&'DMR 001C TIN & TP'!$A$3:$A$10005),0),MATCH('Reg 85'!$AG$11,'DMR 001C TIN & TP'!$A$2:$M$2,0))),"")} | AI15: {=_xlfn.IFNA((INDEX('DMR 001C TIN & TP'!$A$3:$M$10005,MATCH(('Reg 85'!$X$6&'Reg 85'!AI$10&'Reg 85'!$B15),('DMR 001C TIN & TP'!$E$3:$E$10005&'DMR 001C TIN & TP'!$B$3:$B$10005&'DMR 001C TIN & TP'!$A$3:$A$10005),0),MATCH('Reg 85'!$AG$11,'DMR 001C TIN & TP'!$A$2:$M$2,0))),"")} | AJ15: {=_xlfn.IFNA((INDEX('DMR 001C TIN & TP'!$A$3:$M$10005,MATCH(('Reg 85'!$X$6&'Reg 85'!AJ$10&'Reg 85'!$B15),('DMR 001C TIN & TP'!$E$3:$E$10005&'DMR 001C TIN & TP'!$B$3:$B$10005&'DMR 001C TIN & TP'!$A$3:$A$10005),0),MATCH('Reg 85'!$AG$11,'DMR 001C TIN & TP'!$A$2:$M$2,0))),"")} | AK15: {=_xlfn.IFNA((INDEX('DMR 001C TIN & TP'!$A$3:$M$10005,MATCH(('Reg 85'!$X$6&'Reg 85'!AK$10&'Reg 85'!$B15),('DMR 001C TIN & TP'!$E$3:$E$10005&'DMR 001C TIN & TP'!$B$3:$B$10005&'DMR 001C TIN & TP'!$A$3:$A$10005),0),MATCH('Reg 85'!$AG$11,'DMR 001C TIN & TP'!$A$2:$M$2,0))),"")} | AL15: {=_xlfn.IFNA((INDEX('DMR 001C TIN & TP'!$A$3:$M$10005,MATCH(('Reg 85'!$X$6&'Reg 85'!AL$10&'Reg 85'!$B15),('DMR 001C TIN & TP'!$E$3:$E$10005&'DMR 001C TIN & TP'!$B$3:$B$10005&'DMR 001C TIN & TP'!$A$3:$A$10005),0),MATCH('Reg 85'!$AG$11,'DMR 001C TIN & TP'!$A$2:$M$2,0))),"")} | AO15: =IFERROR(Q15+AF15,"") -> 5.2488595 | AP15: =IF(COUNT(IF((#REF!<=C15)*(#REF!>=D15)*(B15=EOMONTH(B15,0)),#REF!,""))=0,"",COUNT(IF((#REF!<=C15)*(#REF!>=D15)*(B15=EOMONTH(B15,0)),#REF!,""))) | AR15: {=_xlfn.IFNA((INDEX('DMR 001C TIN & TP'!$A$3:$M$10005,MATCH(('Reg 85'!$AQ$6&'Reg 85'!$AQ$10&'Reg 85'!$B15),('DMR 001C TIN & TP'!$E$3:$E$10005&'DMR 001C TIN & TP'!$B$3:$B$10005&'DMR 001C TIN & TP'!$A$3:$A$10005),0),MATCH('Reg 85'!$AR$11,'DMR 001C TIN & TP'!$A$2:$M$2,0))),"")} | AS15: {=_xlfn.IFNA((INDEX('DMR 001C TIN & TP'!$A$3:$M$10005,MATCH(('Reg 85'!$AQ$6&'Reg 85'!$AQ$10&'Reg 85'!$B15),('DMR 001C TIN & TP'!$E$3:$E$10005&'DMR 001C TIN & TP'!$B$3:$B$10005&'DMR 001C TIN & TP'!$A$3:$A$10005),0),MATCH('Reg 85'!$AS$11,'DMR 001C TIN & TP'!$A$2:$M$2,0))),"")} | AT15: =IFERROR(IF(VALUE(AS15)<VALUE(AR15),0,VALUE(AS15)),"") | AV15: {=_xlfn.IFNA((INDEX('DMR 001C TIN & TP'!$A$3:$M$10005,MATCH(('Reg 85'!$AQ$6&'Reg 85'!$AU$10&'Reg 85'!$B15),('DMR 001C TIN & TP'!$E$3:$E$10005&'DMR 001C TIN & TP'!$B$3:$B$10005&'DMR 001C TIN & TP'!$A$3:$A$10005),0),MATCH('Reg 85'!$AV$11,'DMR 001C TIN & TP'!$A$2:$M$2,0))),"")} | AW15: {=_xlfn.IFNA((INDEX('DMR 001C TIN & TP'!$A$3:$M$10005,MATCH(('Reg 85'!$AQ$6&'Reg 85'!$AU$10&'Reg 85'!$B15),('DMR 001C TIN & TP'!$E$3:$E$10005&'DMR 001C TIN & TP'!$B$3:$B$10005&'DMR 001C TIN & TP'!$A$3:$A$10005),0),MATCH('Reg 85'!$AW$11,'DMR 001C TIN & TP'!$A$2:$M$2,0))),"")} | AX15: =IFERROR(IF(VALUE(AW15)<VALUE(AV15),0,VALUE(AW15)),"") | AY15: =IFERROR(((AT15*$F15)+(AX15*$G15))/($H15),"") | AZ15: =IF(COUNT(IF((#REF!<=C15)*(#REF!>=D15)*(B15=EOMONTH(B15,0)),#REF!,""))=0,"",COUNT(IF((#REF!<=C15)*(#REF!>=D15)*(B15=EOMONTH(B15,0)),#REF!,""))) | BA15: {=_xlfn.IFNA((INDEX('DMR 001C TIN & TP'!$A$3:$M$10005,MATCH(('Reg 85'!$AQ$6&'Reg 85'!BA$10&'Reg 85'!$B15),('DMR 001C TIN & TP'!$E$3:$E$10005&'DMR 001C TIN & TP'!$B$3:$B$10005&'DMR 001C TIN & TP'!$A$3:$A$10005),0),MATCH('Reg 85'!$AG$11,'DMR 001C TIN & TP'!$A$2:$M$2,0))),"")} | BB15: {=_xlfn.IFNA((INDEX('DMR 001C TIN & TP'!$A$3:$M$10005,MATCH(('Reg 85'!$AQ$6&'Reg 85'!BB$10&'Reg 85'!$B15),('DMR 001C TIN & TP'!$E$3:$E$10005&'DMR 001C TIN & TP'!$B$3:$B$10005&'DMR 001C TIN & TP'!$A$3:$A$10005),0),MATCH('Reg 85'!$AG$11,'DMR 001C TIN & TP'!$A$2:$M$2,0))),"")} | BC15: {=_xlfn.IFNA((INDEX('DMR 001C TIN & TP'!$A$3:$M$10005,MATCH(('Reg 85'!$AQ$6&'Reg 85'!BC$10&'Reg 85'!$B15),('DMR 001C TIN & TP'!$E$3:$E$10005&'DMR 001C TIN & TP'!$B$3:$B$10005&'DMR 001C TIN & TP'!$A$3:$A$10005),0),MATCH('Reg 85'!$AG$11,'DMR 001C TIN & TP'!$A$2:$M$2,0))),"")} | BD15: {=_xlfn.IFNA((INDEX('DMR 001C TIN & TP'!$A$3:$M$10005,MATCH(('Reg 85'!$AQ$6&'Reg 85'!BD$10&'Reg 85'!$B15),('DMR 001C TIN & TP'!$E$3:$E$10005&'DMR 001C TIN & TP'!$B$3:$B$10005&'DMR 001C TIN & TP'!$A$3:$A$10005),0),MATCH('Reg 85'!$AG$11,'DMR 001C TIN & TP'!$A$2:$M$2,0))),"")} | BE15: {=_xlfn.IFNA((INDEX('DMR 001C TIN & TP'!$A$3:$M$10005,MATCH(('Reg 85'!$AQ$6&'Reg 85'!BE$10&'Reg 85'!$B15),('DMR 001C TIN & TP'!$E$3:$E$10005&'DMR 001C TIN & TP'!$B$3:$B$10005&'DMR 001C TIN & TP'!$A$3:$A$10005),0),MATCH('Reg 85'!$AG$11,'DMR 001C TIN & TP'!$A$2:$M$2,0))),"")} | BF15: {=_xlfn.IFNA((INDEX('DMR 001C TIN & TP'!$A$3:$M$10005,MATCH(('Reg 85'!$AQ$6&'Reg 85'!BF$10&'Reg 85'!$B15),('DMR 001C TIN & TP'!$E$3:$E$10005&'DMR 001C TIN & TP'!$B$3:$B$10005&'DMR 001C TIN & TP'!$A$3:$A$10005),0),MATCH('Reg 85'!$AG$11,'DMR 001C TIN & TP'!$A$2:$M$2,0))),"")}
A16: =TEXT(B16,"ddd") -> Wed | B16: =B15+1 -> 43348 | C16: =EOMONTH(B16,0) -> 43373 | D16: =EOMONTH(B16,-1)+1 -> 43344 | E16: =DAY(EOMONTH(B16,0)) -> 30 | F16: {=_xlfn.IFNA(INDEX('DMR Flows-Effluent'!$A$3:$F$9999,MATCH(($F$10&$B16),('DMR Flows-Effluent'!$B$3:$B$9999&'DMR Flows-Effluent'!$A$3:$A$9999),0),MATCH($F$8,'DMR Flows-Effluent'!$A$2:$F$2,0)),"")} -> 60.033 | G16: {=_xlfn.IFNA(INDEX('DMR Flows-Effluent'!$A$3:$F$9999,MATCH(($G$10&$B16),('DMR Flows-Effluent'!$B$3:$B$9999&'DMR Flows-Effluent'!$A$3:$A$9999),0),MATCH($F$8,'DMR Flows-Effluent'!$A$2:$F$2,0)),"")} -> 76.2002 | H16: =SUM(F16:G16) -> 136.2332 | I16: =IFERROR(IF(L16<VALUE(J16),"<",""),"") | J16: {=_xlfn.IFNA((INDEX('DMR 001C TIN & TP'!$A$3:$M$10005,MATCH(('Reg 85'!$I$6:$Q$6&'Reg 85'!$I$10:$K$10&'Reg 85'!$B16),('DMR 001C TIN & TP'!$E$3:$E$10005&'DMR 001C TIN & TP'!$B$3:$B$10005&'DMR 001C TIN & TP'!$A$3:$A$10005),0),MATCH('Reg 85'!$J$11,'DMR 001C TIN & TP'!$A$2:$M$2,0))),"")} -> 0.15 | K16: {=_xlfn.IFNA((INDEX('DMR 001C TIN & TP'!$A$3:$M$10005,MATCH(('Reg 85'!$I$6:$Q$6&'Reg 85'!$I$10:$K$10&'Reg 85'!$B16),('DMR 001C TIN & TP'!$E$3:$E$10005&'DMR 001C TIN & TP'!$B$3:$B$10005&'DMR 001C TIN & TP'!$A$3:$A$10005),0),MATCH('Reg 85'!$K$11,'DMR 001C TIN & TP'!$A$2:$M$2,0))),"")} -> 0.62 | L16: =IFERROR(IF(VALUE(K16)<VALUE(J16),0,VALUE(K16)),"") -> 0.62 | M16: =IFERROR(IF(P16<VALUE(N16),"<",""),"") | N16: {=_xlfn.IFNA((INDEX('DMR 001C TIN & TP'!$A$3:$M$10005,MATCH(('Reg 85'!$I$6:$Q$6&'Reg 85'!$M$10&'Reg 85'!$B16),('DMR 001C TIN & TP'!$E$3:$E$10005&'DMR 001C TIN & TP'!$B$3:$B$10005&'DMR 001C TIN & TP'!$A$3:$A$10005),0),MATCH('Reg 85'!$N$11,'DMR 001C TIN & TP'!$A$2:$M$2,0))),"")} -> 0.15 | O16: {=_xlfn.IFNA((INDEX('DMR 001C TIN & TP'!$A$3:$M$10005,MATCH(('Reg 85'!$I$6:$Q$6&'Reg 85'!$M$10&'Reg 85'!$B16),('DMR 001C TIN & TP'!$E$3:$E$10005&'DMR 001C TIN & TP'!$B$3:$B$10005&'DMR 001C TIN & TP'!$A$3:$A$10005),0),MATCH('Reg 85'!$O$11,'DMR 001C TIN & TP'!$A$2:$M$2,0))),"")} -> 0.38 | P16: =IFERROR(IF(VALUE(O16)<VALUE(N16),0,VALUE(O16)),"") -> 0.38 | Q16: {=IFERROR(((L16*$F16)+(P16*$G16))/($H16),"")} -> 0.48575924 | R16: {=_xlfn.IFNA((INDEX('DMR 001C TIN & TP'!$A$3:$M$10005,MATCH(('Reg 85'!$I$6:$Q$6&'Reg 85'!R$10&'Reg 85'!$B16),('DMR 001C TIN & TP'!$E$3:$E$10005&'DMR 001C TIN & TP'!$B$3:$B$10005&'DMR 001C TIN & TP'!$A$3:$A$10005),0),MATCH('Reg 85'!$O$11,'DMR 001C TIN & TP'!$A$2:$M$2,0))),"")} | S16: {=_xlfn.IFNA((INDEX('DMR 001C TIN & TP'!$A$3:$M$10005,MATCH(('Reg 85'!$I$6:$Q$6&'Reg 85'!S$10&'Reg 85'!$B16),('DMR 001C TIN & TP'!$E$3:$E$10005&'DMR 001C TIN & TP'!$B$3:$B$10005&'DMR 001C TIN & TP'!$A$3:$A$10005),0),MATCH('Reg 85'!$O$11,'DMR 001C TIN & TP'!$A$2:$M$2,0))),"")} | T16: {=_xlfn.IFNA((INDEX('DMR 001C TIN & TP'!$A$3:$M$10005,MATCH(('Reg 85'!$I$6:$Q$6&'Reg 85'!T$10&'Reg 85'!$B16),('DMR 001C TIN & TP'!$E$3:$E$10005&'DMR 001C TIN & TP'!$B$3:$B$10005&'DMR 001C TIN & TP'!$A$3:$A$10005),0),MATCH('Reg 85'!$O$11,'DMR 001C TIN & TP'!$A$2:$M$2,0))),"")} | U16: {=_xlfn.IFNA((INDEX('DMR 001C TIN & TP'!$A$3:$M$10005,MATCH(('Reg 85'!$I$6:$Q$6&'Reg 85'!U$10&'Reg 85'!$B16),('DMR 001C TIN & TP'!$E$3:$E$10005&'DMR 001C TIN & TP'!$B$3:$B$10005&'DMR 001C TIN & TP'!$A$3:$A$10005),0),MATCH('Reg 85'!$O$11,'DMR 001C TIN & TP'!$A$2:$M$2,0))),"")} | V16: {=_xlfn.IFNA((INDEX('DMR 001C TIN & TP'!$A$3:$M$10005,MATCH(('Reg 85'!$I$6:$Q$6&'Reg 85'!V$10&'Reg 85'!$B16),('DMR 001C TIN & TP'!$E$3:$E$10005&'DMR 001C TIN & TP'!$B$3:$B$10005&'DMR 001C TIN & TP'!$A$3:$A$10005),0),MATCH('Reg 85'!$O$11,'DMR 001C TIN & TP'!$A$2:$M$2,0))),"")} | W16: {=_xlfn.IFNA((INDEX('DMR 001C TIN & TP'!$A$3:$M$10005,MATCH(('Reg 85'!$I$6:$Q$6&'Reg 85'!W$10&'Reg 85'!$B16),('DMR 001C TIN & TP'!$E$3:$E$10005&'DMR 001C TIN & TP'!$B$3:$B$10005&'DMR 001C TIN & TP'!$A$3:$A$10005),0),MATCH('Reg 85'!$O$11,'DMR 001C TIN & TP'!$A$2:$M$2,0))),"")} | X16: =IFERROR(IF(AA16<VALUE(Y16),"<",""),"") | Y16: {=_xlfn.IFNA((INDEX('DMR 001C TIN & TP'!$A$3:$M$10005,MATCH(('Reg 85'!$X$6&'Reg 85'!$X$10&'Reg 85'!$B16),('DMR 001C TIN & TP'!$E$3:$E$10005&'DMR 001C TIN & TP'!$B$3:$B$10005&'DMR 001C TIN & TP'!$A$3:$A$10005),0),MATCH('Reg 85'!$Y$11,'DMR 001C TIN & TP'!$A$2:$M$2,0))),"")} -> 0.18 | Z16: {=_xlfn.IFNA((INDEX('DMR 001C TIN & TP'!$A$3:$M$10005,MATCH(('Reg 85'!$X$6&'Reg 85'!$X$10&'Reg 85'!$B16),('DMR 001C TIN & TP'!$E$3:$E$10005&'DMR 001C TIN & TP'!$B$3:$B$10005&'DMR 001C TIN & TP'!$A$3:$A$10005),0),MATCH('Reg 85'!$Z$11,'DMR 001C TIN & TP'!$A$2:$M$2,0))),"")} -> 4.44 | AA16: =IFERROR(IF(VALUE(Z16)<VALUE(Y16),0,VALUE(Z16)),"") -> 4.44 | AB16: =IFERROR(IF(AE16<VALUE(AC16),"<",""),"") | AC16: {=_xlfn.IFNA((INDEX('DMR 001C TIN & TP'!$A$3:$M$10005,MATCH(('Reg 85'!$X$6&'Reg 85'!$AB$10&'Reg 85'!$B16),('DMR 001C TIN & TP'!$E$3:$E$10005&'DMR 001C TIN & TP'!$B$3:$B$10005&'DMR 001C TIN & TP'!$A$3:$A$10005),0),MATCH('Reg 85'!$AC$11,'DMR 001C TIN & TP'!$A$2:$M$2,0))),"")} -> 0.06 | AD16: {=_xlfn.IFNA((INDEX('DMR 001C TIN & TP'!$A$3:$M$10005,MATCH(('Reg 85'!$X$6&'Reg 85'!$AB$10&'Reg 85'!$B16),('DMR 001C TIN & TP'!$E$3:$E$10005&'DMR 001C TIN & TP'!$B$3:$B$10005&'DMR 001C TIN & TP'!$A$3:$A$10005),0),MATCH('Reg 85'!$AD$11,'DMR 001C TIN & TP'!$A$2:$M$2,0))),"")} -> 5.01 | AE16: =IFERROR(IF(VALUE(AD16)<VALUE(AC16),0,VALUE(AD16)),"") -> 5.01 | AF16: =IFERROR(((AA16*$F16)+(AE16*$G16))/($H16),"") -> 4.7588218 | AG16: {=_xlfn.IFNA((INDEX('DMR 001C TIN & TP'!$A$3:$M$10005,MATCH(('Reg 85'!$X$6&'Reg 85'!AG$10&'Reg 85'!$B16),('DMR 001C TIN & TP'!$E$3:$E$10005&'DMR 001C TIN & TP'!$B$3:$B$10005&'DMR 001C TIN & TP'!$A$3:$A$10005),0),MATCH('Reg 85'!$AG$11,'DMR 001C TIN & TP'!$A$2:$M$2,0))),"")} | AH16: {=_xlfn.IFNA((INDEX('DMR 001C TIN & TP'!$A$3:$M$10005,MATCH(('Reg 85'!$X$6&'Reg 85'!AH$10&'Reg 85'!$B16),('DMR 001C TIN & TP'!$E$3:$E$10005&'DMR 001C TIN & TP'!$B$3:$B$10005&'DMR 001C TIN & TP'!$A$3:$A$10005),0),MATCH('Reg 85'!$AG$11,'DMR 001C TIN & TP'!$A$2:$M$2,0))),"")} | AI16: {=_xlfn.IFNA((INDEX('DMR 001C TIN & TP'!$A$3:$M$10005,MATCH(('Reg 85'!$X$6&'Reg 85'!AI$10&'Reg 85'!$B16),('DMR 001C TIN & TP'!$E$3:$E$10005&'DMR 001C TIN & TP'!$B$3:$B$10005&'DMR 001C TIN & TP'!$A$3:$A$10005),0),MATCH('Reg 85'!$AG$11,'DMR 001C TIN & TP'!$A$2:$M$2,0))),"")} | AJ16: {=_xlfn.IFNA((INDEX('DMR 001C TIN & TP'!$A$3:$M$10005,MATCH(('Reg 85'!$X$6&'Reg 85'!AJ$10&'Reg 85'!$B16),('DMR 001C TIN & TP'!$E$3:$E$10005&'DMR 001C TIN & TP'!$B$3:$B$10005&'DMR 001C TIN & TP'!$A$3:$A$10005),0),MATCH('Reg 85'!$AG$11,'DMR 001C TIN & TP'!$A$2:$M$2,0))),"")} | AK16: {=_xlfn.IFNA((INDEX('DMR 001C TIN & TP'!$A$3:$M$10005,MATCH(('Reg 85'!$X$6&'Reg 85'!AK$10&'Reg 85'!$B16),('DMR 001C TIN & TP'!$E$3:$E$10005&'DMR 001C TIN & TP'!$B$3:$B$10005&'DMR 001C TIN & TP'!$A$3:$A$10005),0),MATCH('Reg 85'!$AG$11,'DMR 001C TIN & TP'!$A$2:$M$2,0))),"")} | AL16: {=_xlfn.IFNA((INDEX('DMR 001C TIN & TP'!$A$3:$M$10005,MATCH(('Reg 85'!$X$6&'Reg 85'!AL$10&'Reg 85'!$B16),('DMR 001C TIN & TP'!$E$3:$E$10005&'DMR 001C TIN & TP'!$B$3:$B$10005&'DMR 001C TIN & TP'!$A$3:$A$10005),0),MATCH('Reg 85'!$AG$11,'DMR 001C TIN & TP'!$A$2:$M$2,0))),"")} | AO16: =IFERROR(Q16+AF16,"") -> 5.244581 | AP16: =IF(COUNT(IF((#REF!<=C16)*(#REF!>=D16)*(B16=EOMONTH(B16,0)),#REF!,""))=0,"",COUNT(IF((#REF!<=C16)*(#REF!>=D16)*(B16=EOMONTH(B16,0)),#REF!,""))) | AR16: {=_xlfn.IFNA((INDEX('DMR 001C TIN & TP'!$A$3:$M$10005,MATCH(('Reg 85'!$AQ$6&'Reg 85'!$AQ$10&'Reg 85'!$B16),('DMR 001C TIN & TP'!$E$3:$E$10005&'DMR 001C TIN & TP'!$B$3:$B$10005&'DMR 001C TIN & TP'!$A$3:$A$10005),0),MATCH('Reg 85'!$AR$11,'DMR 001C TIN & TP'!$A$2:$M$2,0))),"")} | AS16: {=_xlfn.IFNA((INDEX('DMR 001C TIN & TP'!$A$3:$M$10005,MATCH(('Reg 85'!$AQ$6&'Reg 85'!$AQ$10&'Reg 85'!$B16),('DMR 001C TIN & TP'!$E$3:$E$10005&'DMR 001C TIN & TP'!$B$3:$B$10005&'DMR 001C TIN & TP'!$A$3:$A$10005),0),MATCH('Reg 85'!$AS$11,'DMR 001C TIN & TP'!$A$2:$M$2,0))),"")} | AT16: =IFERROR(IF(VALUE(AS16)<VALUE(AR16),0,VALUE(AS16)),"") | AV16: {=_xlfn.IFNA((INDEX('DMR 001C TIN & TP'!$A$3:$M$10005,MATCH(('Reg 85'!$AQ$6&'Reg 85'!$AU$10&'Reg 85'!$B16),('DMR 001C TIN & TP'!$E$3:$E$10005&'DMR 001C TIN & TP'!$B$3:$B$10005&'DMR 001C TIN & TP'!$A$3:$A$10005),0),MATCH('Reg 85'!$AV$11,'DMR 001C TIN & TP'!$A$2:$M$2,0))),"")} | AW16: {=_xlfn.IFNA((INDEX('DMR 001C TIN & TP'!$A$3:$M$10005,MATCH(('Reg 85'!$AQ$6&'Reg 85'!$AU$10&'Reg 85'!$B16),('DMR 001C TIN & TP'!$E$3:$E$10005&'DMR 001C TIN & TP'!$B$3:$B$10005&'DMR 001C TIN & TP'!$A$3:$A$10005),0),MATCH('Reg 85'!$AW$11,'DMR 001C TIN & TP'!$A$2:$M$2,0))),"")} | AX16: =IFERROR(IF(VALUE(AW16)<VALUE(AV16),0,VALUE(AW16)),"") | AY16: =IFERROR(((AT16*$F16)+(AX16*$G16))/($H16),"") | AZ16: =IF(COUNT(IF((#REF!<=C16)*(#REF!>=D16)*(B16=EOMONTH(B16,0)),#REF!,""))=0,"",COUNT(IF((#REF!<=C16)*(#REF!>=D16)*(B16=EOMONTH(B16,0)),#REF!,""))) | BA16: {=_xlfn.IFNA((INDEX('DMR 001C TIN & TP'!$A$3:$M$10005,MATCH(('Reg 85'!$AQ$6&'Reg 85'!BA$10&'Reg 85'!$B16),('DMR 001C TIN & TP'!$E$3:$E$10005&'DMR 001C TIN & TP'!$B$3:$B$10005&'DMR 001C TIN & TP'!$A$3:$A$10005),0),MATCH('Reg 85'!$AG$11,'DMR 001C TIN & TP'!$A$2:$M$2,0))),"")} | BB16: {=_xlfn.IFNA((INDEX('DMR 001C TIN & TP'!$A$3:$M$10005,MATCH(('Reg 85'!$AQ$6&'Reg 85'!BB$10&'Reg 85'!$B16),('DMR 001C TIN & TP'!$E$3:$E$10005&'DMR 001C TIN & TP'!$B$3:$B$10005&'DMR 001C TIN & TP'!$A$3:$A$10005),0),MATCH('Reg 85'!$AG$11,'DMR 001C TIN & TP'!$A$2:$M$2,0))),"")} | BC16: {=_xlfn.IFNA((INDEX('DMR 001C TIN & TP'!$A$3:$M$10005,MATCH(('Reg 85'!$AQ$6&'Reg 85'!BC$10&'Reg 85'!$B16),('DMR 001C TIN & TP'!$E$3:$E$10005&'DMR 001C TIN & TP'!$B$3:$B$10005&'DMR 001C TIN & TP'!$A$3:$A$10005),0),MATCH('Reg 85'!$AG$11,'DMR 001C TIN & TP'!$A$2:$M$2,0))),"")} | BD16: {=_xlfn.IFNA((INDEX('DMR 001C TIN & TP'!$A$3:$M$10005,MATCH(('Reg 85'!$AQ$6&'Reg 85'!BD$10&'Reg 85'!$B16),('DMR 001C TIN & TP'!$E$3:$E$10005&'DMR 001C TIN & TP'!$B$3:$B$10005&'DMR 001C TIN & TP'!$A$3:$A$10005),0),MATCH('Reg 85'!$AG$11,'DMR 001C TIN & TP'!$A$2:$M$2,0))),"")} | BE16: {=_xlfn.IFNA((INDEX('DMR 001C TIN & TP'!$A$3:$M$10005,MATCH(('Reg 85'!$AQ$6&'Reg 85'!BE$10&'Reg 85'!$B16),('DMR 001C TIN & TP'!$E$3:$E$10005&'DMR 001C TIN & TP'!$B$3:$B$10005&'DMR 001C TIN & TP'!$A$3:$A$10005),0),MATCH('Reg 85'!$AG$11,'DMR 001C TIN & TP'!$A$2:$M$2,0))),"")} | BF16: {=_xlfn.IFNA((INDEX('DMR 001C TIN & TP'!$A$3:$M$10005,MATCH(('Reg 85'!$AQ$6&'Reg 85'!BF$10&'Reg 85'!$B16),('DMR 001C TIN & TP'!$E$3:$E$10005&'DMR 001C TIN & TP'!$B$3:$B$10005&'DMR 001C TIN & TP'!$A$3:$A$10005),0),MATCH('Reg 85'!$AG$11,'DMR 001C TIN & TP'!$A$2:$M$2,0))),"")}
A17: =TEXT(B17,"ddd") -> Thu | B17: =B16+1 -> 43349 | C17: =EOMONTH(B17,0) -> 43373 | D17: =EOMONTH(B17,-1)+1 -> 43344 | E17: =DAY(EOMONTH(B17,0)) -> 30 | F17: {=_xlfn.IFNA(INDEX('DMR Flows-Effluent'!$A$3:$F$9999,MATCH(($F$10&$B17),('DMR Flows-Effluent'!$B$3:$B$9999&'DMR Flows-Effluent'!$A$3:$A$9999),0),MATCH($F$8,'DMR Flows-Effluent'!$A$2:$F$2,0)),"")} -> 52.7086 | G17: {=_xlfn.IFNA(INDEX('DMR Flows-Effluent'!$A$3:$F$9999,MATCH(($G$10&$B17),('DMR Flows-Effluent'!$B$3:$B$9999&'DMR Flows-Effluent'!$A$3:$A$9999),0),MATCH($F$8,'DMR Flows-Effluent'!$A$2:$F$2,0)),"")} -> 75.4507 | H17: =SUM(F17:G17) -> 128.1593 | I17: =IFERROR(IF(L17<VALUE(J17),"<",""),"") | J17: {=_xlfn.IFNA((INDEX('DMR 001C TIN & TP'!$A$3:$M$10005,MATCH(('Reg 85'!$I$6:$Q$6&'Reg 85'!$I$10:$K$10&'Reg 85'!$B17),('DMR 001C TIN & TP'!$E$3:$E$10005&'DMR 001C TIN & TP'!$B$3:$B$10005&'DMR 001C TIN & TP'!$A$3:$A$10005),0),MATCH('Reg 85'!$J$11,'DMR 001C TIN & TP'!$A$2:$M$2,0))),"")} | K17: {=_xlfn.IFNA((INDEX('DMR 001C TIN & TP'!$A$3:$M$10005,MATCH(('Reg 85'!$I$6:$Q$6&'Reg 85'!$I$10:$K$10&'Reg 85'!$B17),('DMR 001C TIN & TP'!$E$3:$E$10005&'DMR 001C TIN & TP'!$B$3:$B$10005&'DMR 001C TIN & TP'!$A$3:$A$10005),0),MATCH('Reg 85'!$K$11,'DMR 001C TIN & TP'!$A$2:$M$2,0))),"")} | L17: =IFERROR(IF(VALUE(K17)<VALUE(J17),0,VALUE(K17)),"") | M17: =IFERROR(IF(P17<VALUE(N17),"<",""),"") | N17: {=_xlfn.IFNA((INDEX('DMR 001C TIN & TP'!$A$3:$M$10005,MATCH(('Reg 85'!$I$6:$Q$6&'Reg 85'!$M$10&'Reg 85'!$B17),('DMR 001C TIN & TP'!$E$3:$E$10005&'DMR 001C TIN & TP'!$B$3:$B$10005&'DMR 001C TIN & TP'!$A$3:$A$10005),0),MATCH('Reg 85'!$N$11,'DMR 001C TIN & TP'!$A$2:$M$2,0))),"")} | O17: {=_xlfn.IFNA((INDEX('DMR 001C TIN & TP'!$A$3:$M$10005,MATCH(('Reg 85'!$I$6:$Q$6&'Reg 85'!$M$10&'Reg 85'!$B17),('DMR 001C TIN & TP'!$E$3:$E$10005&'DMR 001C TIN & TP'!$B$3:$B$10005&'DMR 001C TIN & TP'!$A$3:$A$10005),0),MATCH('Reg 85'!$O$11,'DMR 001C TIN & TP'!$A$2:$M$2,0))),"")} | P17: =IFERROR(IF(VALUE(O17)<VALUE(N17),0,VALUE(O17)),"") | Q17: {=IFERROR(((L17*$F17)+(P17*$G17))/($H17),"")} | R17: {=_xlfn.IFNA((INDEX('DMR 001C TIN & TP'!$A$3:$M$10005,MATCH(('Reg 85'!$I$6:$Q$6&'Reg 85'!R$10&'Reg 85'!$B17),('DMR 001C TIN & TP'!$E$3:$E$10005&'DMR 001C TIN & TP'!$B$3:$B$10005&'DMR 001C TIN & TP'!$A$3:$A$10005),0),MATCH('Reg 85'!$O$11,'DMR 001C TIN & TP'!$A$2:$M$2,0))),"")} | S17: {=_xlfn.IFNA((INDEX('DMR 001C TIN & TP'!$A$3:$M$10005,MATCH(('Reg 85'!$I$6:$Q$6&'Reg 85'!S$10&'Reg 85'!$B17),('DMR 001C TIN & TP'!$E$3:$E$10005&'DMR 001C TIN & TP'!$B$3:$B$10005&'DMR 001C TIN & TP'!$A$3:$A$10005),0),MATCH('Reg 85'!$O$11,'DMR 001C TIN & TP'!$A$2:$M$2,0))),"")} | T17: {=_xlfn.IFNA((INDEX('DMR 001C TIN & TP'!$A$3:$M$10005,MATCH(('Reg 85'!$I$6:$Q$6&'Reg 85'!T$10&'Reg 85'!$B17),('DMR 001C TIN & TP'!$E$3:$E$10005&'DMR 001C TIN & TP'!$B$3:$B$10005&'DMR 001C TIN & TP'!$A$3:$A$10005),0),MATCH('Reg 85'!$O$11,'DMR 001C TIN & TP'!$A$2:$M$2,0))),"")} | U17: {=_xlfn.IFNA((INDEX('DMR 001C TIN & TP'!$A$3:$M$10005,MATCH(('Reg 85'!$I$6:$Q$6&'Reg 85'!U$10&'Reg 85'!$B17),('DMR 001C TIN & TP'!$E$3:$E$10005&'DMR 001C TIN & TP'!$B$3:$B$10005&'DMR 001C TIN & TP'!$A$3:$A$10005),0),MATCH('Reg 85'!$O$11,'DMR 001C TIN & TP'!$A$2:$M$2,0))),"")} | V17: {=_xlfn.IFNA((INDEX('DMR 001C TIN & TP'!$A$3:$M$10005,MATCH(('Reg 85'!$I$6:$Q$6&'Reg 85'!V$10&'Reg 85'!$B17),('DMR 001C TIN & TP'!$E$3:$E$10005&'DMR 001C TIN & TP'!$B$3:$B$10005&'DMR 001C TIN & TP'!$A$3:$A$10005),0),MATCH('Reg 85'!$O$11,'DMR 001C TIN & TP'!$A$2:$M$2,0))),"")} | W17: {=_xlfn.IFNA((INDEX('DMR 001C TIN & TP'!$A$3:$M$10005,MATCH(('Reg 85'!$I$6:$Q$6&'Reg 85'!W$10&'Reg 85'!$B17),('DMR 001C TIN & TP'!$E$3:$E$10005&'DMR 001C TIN & TP'!$B$3:$B$10005&'DMR 001C TIN & TP'!$A$3:$A$10005),0),MATCH('Reg 85'!$O$11,'DMR 001C TIN & TP'!$A$2:$M$2,0))),"")} | X17: =IFERROR(IF(AA17<VALUE(Y17),"<",""),"") | Y17: {=_xlfn.IFNA((INDEX('DMR 001C TIN & TP'!$A$3:$M$10005,MATCH(('Reg 85'!$X$6&'Reg 85'!$X$10&'Reg 85'!$B17),('DMR 001C TIN & TP'!$E$3:$E$10005&'DMR 001C TIN & TP'!$B$3:$B$10005&'DMR 001C TIN & TP'!$A$3:$A$10005),0),MATCH('Reg 85'!$Y$11,'DMR 001C TIN & TP'!$A$2:$M$2,0))),"")} | Z17: {=_xlfn.IFNA((INDEX('DMR 001C TIN & TP'!$A$3:$M$10005,MATCH(('Reg 85'!$X$6&'Reg 85'!$X$10&'Reg 85'!$B17),('DMR 001C TIN & TP'!$E$3:$E$10005&'DMR 001C TIN & TP'!$B$3:$B$10005&'DMR 001C TIN & TP'!$A$3:$A$10005),0),MATCH('Reg 85'!$Z$11,'DMR 001C TIN & TP'!$A$2:$M$2,0))),"")} | AA17: =IFERROR(IF(VALUE(Z17)<VALUE(Y17),0,VALUE(Z17)),"") | AB17: =IFERROR(IF(AE17<VALUE(AC17),"<",""),"") | AC17: {=_xlfn.IFNA((INDEX('DMR 001C TIN & TP'!$A$3:$M$10005,MATCH(('Reg 85'!$X$6&'Reg 85'!$AB$10&'Reg 85'!$B17),('DMR 001C TIN & TP'!$E$3:$E$10005&'DMR 001C TIN & TP'!$B$3:$B$10005&'DMR 001C TIN & TP'!$A$3:$A$10005),0),MATCH('Reg 85'!$AC$11,'DMR 001C TIN & TP'!$A$2:$M$2,0))),"")} | AD17: {=_xlfn.IFNA((INDEX('DMR 001C TIN & TP'!$A$3:$M$10005,MATCH(('Reg 85'!$X$6&'Reg 85'!$AB$10&'Reg 85'!$B17),('DMR 001C TIN & TP'!$E$3:$E$10005&'DMR 001C TIN & TP'!$B$3:$B$10005&'DMR 001C TIN & TP'!$A$3:$A$10005),0),MATCH('Reg 85'!$AD$11,'DMR 001C TIN & TP'!$A$2:$M$2,0))),"")} | AE17: =IFERROR(IF(VALUE(AD17)<VALUE(AC17),0,VALUE(AD17)),"") | AF17: =IFERROR(((AA17*$F17)+(AE17*$G17))/($H17),"") | AG17: {=_xlfn.IFNA((INDEX('DMR 001C TIN & TP'!$A$3:$M$10005,MATCH(('Reg 85'!$X$6&'Reg 85'!AG$10&'Reg 85'!$B17),('DMR 001C TIN & TP'!$E$3:$E$10005&'DMR 001C TIN & TP'!$B$3:$B$10005&'DMR 001C TIN & TP'!$A$3:$A$10005),0),MATCH('Reg 85'!$AG$11,'DMR 001C TIN & TP'!$A$2:$M$2,0))),"")} | AH17: {=_xlfn.IFNA((INDEX('DMR 001C TIN & TP'!$A$3:$M$10005,MATCH(('Reg 85'!$X$6&'Reg 85'!AH$10&'Reg 85'!$B17),('DMR 001C TIN & TP'!$E$3:$E$10005&'DMR 001C TIN & TP'!$B$3:$B$10005&'DMR 001C TIN & TP'!$A$3:$A$10005),0),MATCH('Reg 85'!$AG$11,'DMR 001C TIN & TP'!$A$2:$M$2,0))),"")} | AI17: {=_xlfn.IFNA((INDEX('DMR 001C TIN & TP'!$A$3:$M$10005,MATCH(('Reg 85'!$X$6&'Reg 85'!AI$10&'Reg 85'!$B17),('DMR 001C TIN & TP'!$E$3:$E$10005&'DMR 001C TIN & TP'!$B$3:$B$10005&'DMR 001C TIN & TP'!$A$3:$A$10005),0),MATCH('Reg 85'!$AG$11,'DMR 001C TIN & TP'!$A$2:$M$2,0))),"")} | AJ17: {=_xlfn.IFNA((INDEX('DMR 001C TIN & TP'!$A$3:$M$10005,MATCH(('Reg 85'!$X$6&'Reg 85'!AJ$10&'Reg 85'!$B17),('DMR 001C TIN & TP'!$E$3:$E$10005&'DMR 001C TIN & TP'!$B$3:$B$10005&'DMR 001C TIN & TP'!$A$3:$A$10005),0),MATCH('Reg 85'!$AG$11,'DMR 001C TIN & TP'!$A$2:$M$2,0))),"")} | AK17: {=_xlfn.IFNA((INDEX('DMR 001C TIN & TP'!$A$3:$M$10005,MATCH(('Reg 85'!$X$6&'Reg 85'!AK$10&'Reg 85'!$B17),('DMR 001C TIN & TP'!$E$3:$E$10005&'DMR 001C TIN & TP'!$B$3:$B$10005&'DMR 001C TIN & TP'!$A$3:$A$10005),0),MATCH('Reg 85'!$AG$11,'DMR 001C TIN & TP'!$A$2:$M$2,0))),"")} | AL17: {=_xlfn.IFNA((INDEX('DMR 001C TIN & TP'!$A$3:$M$10005,MATCH(('Reg 85'!$X$6&'Reg 85'!AL$10&'Reg 85'!$B17),('DMR 001C TIN & TP'!$E$3:$E$10005&'DMR 001C TIN & TP'!$B$3:$B$10005&'DMR 001C TIN & TP'!$A$3:$A$10005),0),MATCH('Reg 85'!$AG$11,'DMR 001C TIN & TP'!$A$2:$M$2,0))),"")} | AO17: =IFERROR(Q17+AF17,"") | AP17: =IF(COUNT(IF((#REF!<=C17)*(#REF!>=D17)*(B17=EOMONTH(B17,0)),#REF!,""))=0,"",COUNT(IF((#REF!<=C17)*(#REF!>=D17)*(B17=EOMONTH(B17,0)),#REF!,""))) | AR17: {=_xlfn.IFNA((INDEX('DMR 001C TIN & TP'!$A$3:$M$10005,MATCH(('Reg 85'!$AQ$6&'Reg 85'!$AQ$10&'Reg 85'!$B17),('DMR 001C TIN & TP'!$E$3:$E$10005&'DMR 001C TIN & TP'!$B$3:$B$10005&'DMR 001C TIN & TP'!$A$3:$A$10005),0),MATCH('Reg 85'!$AR$11,'DMR 001C TIN & TP'!$A$2:$M$2,0))),"")} -> 0.03 | AS17: {=_xlfn.IFNA((INDEX('DMR 001C TIN & TP'!$A$3:$M$10005,MATCH(('Reg 85'!$AQ$6&'Reg 85'!$AQ$10&'Reg 85'!$B17),('DMR 001C TIN & TP'!$E$3:$E$10005&'DMR 001C TIN & TP'!$B$3:$B$10005&'DMR 001C TIN & TP'!$A$3:$A$10005),0),MATCH('Reg 85'!$AS$11,'DMR 001C TIN & TP'!$A$2:$M$2,0))),"")} -> 0.44 | AT17: =IFERROR(IF(VALUE(AS17)<VALUE(AR17),0,VALUE(AS17)),"") -> 0.44 | AV17: {=_xlfn.IFNA((INDEX('DMR 001C TIN & TP'!$A$3:$M$10005,MATCH(('Reg 85'!$AQ$6&'Reg 85'!$AU$10&'Reg 85'!$B17),('DMR 001C TIN & TP'!$E$3:$E$10005&'DMR 001C TIN & TP'!$B$3:$B$10005&'DMR 001C TIN & TP'!$A$3:$A$10005),0),MATCH('Reg 85'!$AV$11,'DMR 001C TIN & TP'!$A$2:$M$2,0))),"")} -> 0.03 | AW17: {=_xlfn.IFNA((INDEX('DMR 001C TIN & TP'!$A$3:$M$10005,MATCH(('Reg 85'!$AQ$6&'Reg 85'!$AU$10&'Reg 85'!$B17),('DMR 001C TIN & TP'!$E$3:$E$10005&'DMR 001C TIN & TP'!$B$3:$B$10005&'DMR 001C TIN & TP'!$A$3:$A$10005),0),MATCH('Reg 85'!$AW$11,'DMR 001C TIN & TP'!$A$2:$M$2,0))),"")} -> 1.23 | AX17: =IFERROR(IF(VALUE(AW17)<VALUE(AV17),0,VALUE(AW17)),"") -> 1.23 | AY17: =IFERROR(((AT17*$F17)+(AX17*$G17))/($H17),"") -> 0.90509347 | AZ17: =IF(COUNT(IF((#REF!<=C17)*(#REF!>=D17)*(B17=EOMONTH(B17,0)),#REF!,""))=0,"",COUNT(IF((#REF!<=C17)*(#REF!>=D17)*(B17=EOMONTH(B17,0)),#REF!,""))) | BA17: {=_xlfn.IFNA((INDEX('DMR 001C TIN & TP'!$A$3:$M$10005,MATCH(('Reg 85'!$AQ$6&'Reg 85'!BA$10&'Reg 85'!$B17),('DMR 001C TIN & TP'!$E$3:$E$10005&'DMR 001C TIN & TP'!$B$3:$B$10005&'DMR 001C TIN & TP'!$A$3:$A$10005),0),MATCH('Reg 85'!$AG$11,'DMR 001C TIN & TP'!$A$2:$M$2,0))),"")} | BB17: {=_xlfn.IFNA((INDEX('DMR 001C TIN & TP'!$A$3:$M$10005,MATCH(('Reg 85'!$AQ$6&'Reg 85'!BB$10&'Reg 85'!$B17),('DMR 001C TIN & TP'!$E$3:$E$10005&'DMR 001C TIN & TP'!$B$3:$B$10005&'DMR 001C TIN & TP'!$A$3:$A$10005),0),MATCH('Reg 85'!$AG$11,'DMR 001C TIN & TP'!$A$2:$M$2,0))),"")} | BC17: {=_xlfn.IFNA((INDEX('DMR 001C TIN & TP'!$A$3:$M$10005,MATCH(('Reg 85'!$AQ$6&'Reg 85'!BC$10&'Reg 85'!$B17),('DMR 001C TIN & TP'!$E$3:$E$10005&'DMR 001C TIN & TP'!$B$3:$B$10005&'DMR 001C TIN & TP'!$A$3:$A$10005),0),MATCH('Reg 85'!$AG$11,'DMR 001C TIN & TP'!$A$2:$M$2,0))),"")} | BD17: {=_xlfn.IFNA((INDEX('DMR 001C TIN & TP'!$A$3:$M$10005,MATCH(('Reg 85'!$AQ$6&'Reg 85'!BD$10&'Reg 85'!$B17),('DMR 001C TIN & TP'!$E$3:$E$10005&'DMR 001C TIN & TP'!$B$3:$B$10005&'DMR 001C TIN & TP'!$A$3:$A$10005),0),MATCH('Reg 85'!$AG$11,'DMR 001C TIN & TP'!$A$2:$M$2,0))),"")} | BE17: {=_xlfn.IFNA((INDEX('DMR 001C TIN & TP'!$A$3:$M$10005,MATCH(('Reg 85'!$AQ$6&'Reg 85'!BE$10&'Reg 85'!$B17),('DMR 001C TIN & TP'!$E$3:$E$10005&'DMR 001C TIN & TP'!$B$3:$B$10005&'DMR 001C TIN & TP'!$A$3:$A$10005),0),MATCH('Reg 85'!$AG$11,'DMR 001C TIN & TP'!$A$2:$M$2,0))),"")} | BF17: {=_xlfn.IFNA((INDEX('DMR 001C TIN & TP'!$A$3:$M$10005,MATCH(('Reg 85'!$AQ$6&'Reg 85'!BF$10&'Reg 85'!$B17),('DMR 001C TIN & TP'!$E$3:$E$10005&'DMR 001C TIN & TP'!$B$3:$B$10005&'DMR 001C TIN & TP'!$A$3:$A$10005),0),MATCH('Reg 85'!$AG$11,'DMR 001C TIN & TP'!$A$2:$M$2,0))),"")}
A18: =TEXT(B18,"ddd") -> Fri | B18: =B17+1 -> 43350 | C18: =EOMONTH(B18,0) -> 43373 | D18: =EOMONTH(B18,-1)+1 -> 43344 | E18: =DAY(EOMONTH(B18,0)) -> 30 | F18: {=_xlfn.IFNA(INDEX('DMR Flows-Effluent'!$A$3:$F$9999,MATCH(($F$10&$B18),('DMR Flows-Effluent'!$B$3:$B$9999&'DMR Flows-Effluent'!$A$3:$A$9999),0),MATCH($F$8,'DMR Flows-Effluent'!$A$2:$F$2,0)),"")} -> 55.7372 | G18: {=_xlfn.IFNA(INDEX('DMR Flows-Effluent'!$A$3:$F$9999,MATCH(($G$10&$B18),('DMR Flows-Effluent'!$B$3:$B$9999&'DMR Flows-Effluent'!$A$3:$A$9999),0),MATCH($F$8,'DMR Flows-Effluent'!$A$2:$F$2,0)),"")} -> 68.9652 | H18: =SUM(F18:G18) -> 124.7024 | I18: =IFERROR(IF(L18<VALUE(J18),"<",""),"") | J18: {=_xlfn.IFNA((INDEX('DMR 001C TIN & TP'!$A$3:$M$10005,MATCH(('Reg 85'!$I$6:$Q$6&'Reg 85'!$I$10:$K$10&'Reg 85'!$B18),('DMR 001C TIN & TP'!$E$3:$E$10005&'DMR 001C TIN & TP'!$B$3:$B$10005&'DMR 001C TIN & TP'!$A$3:$A$10005),0),MATCH('Reg 85'!$J$11,'DMR 001C TIN & TP'!$A$2:$M$2,0))),"")} | K18: {=_xlfn.IFNA((INDEX('DMR 001C TIN & TP'!$A$3:$M$10005,MATCH(('Reg 85'!$I$6:$Q$6&'Reg 85'!$I$10:$K$10&'Reg 85'!$B18),('DMR 001C TIN & TP'!$E$3:$E$10005&'DMR 001C TIN & TP'!$B$3:$B$10005&'DMR 001C TIN & TP'!$A$3:$A$10005),0),MATCH('Reg 85'!$K$11,'DMR 001C TIN & TP'!$A$2:$M$2,0))),"")} | L18: =IFERROR(IF(VALUE(K18)<VALUE(J18),0,VALUE(K18)),"") | M18: =IFERROR(IF(P18<VALUE(N18),"<",""),"") | N18: {=_xlfn.IFNA((INDEX('DMR 001C TIN & TP'!$A$3:$M$10005,MATCH(('Reg 85'!$I$6:$Q$6&'Reg 85'!$M$10&'Reg 85'!$B18),('DMR 001C TIN & TP'!$E$3:$E$10005&'DMR 001C TIN & TP'!$B$3:$B$10005&'DMR 001C TIN & TP'!$A$3:$A$10005),0),MATCH('Reg 85'!$N$11,'DMR 001C TIN & TP'!$A$2:$M$2,0))),"")} | O18: {=_xlfn.IFNA((INDEX('DMR 001C TIN & TP'!$A$3:$M$10005,MATCH(('Reg 85'!$I$6:$Q$6&'Reg 85'!$M$10&'Reg 85'!$B18),('DMR 001C TIN & TP'!$E$3:$E$10005&'DMR 001C TIN & TP'!$B$3:$B$10005&'DMR 001C TIN & TP'!$A$3:$A$10005),0),MATCH('Reg 85'!$O$11,'DMR 001C TIN & TP'!$A$2:$M$2,0))),"")} | P18: =IFERROR(IF(VALUE(O18)<VALUE(N18),0,VALUE(O18)),"") | Q18: {=IFERROR(((L18*$F18)+(P18*$G18))/($H18),"")} | R18: {=_xlfn.IFNA((INDEX('DMR 001C TIN & TP'!$A$3:$M$10005,MATCH(('Reg 85'!$I$6:$Q$6&'Reg 85'!R$10&'Reg 85'!$B18),('DMR 001C TIN & TP'!$E$3:$E$10005&'DMR 001C TIN & TP'!$B$3:$B$10005&'DMR 001C TIN & TP'!$A$3:$A$10005),0),MATCH('Reg 85'!$O$11,'DMR 001C TIN & TP'!$A$2:$M$2,0))),"")} | S18: {=_xlfn.IFNA((INDEX('DMR 001C TIN & TP'!$A$3:$M$10005,MATCH(('Reg 85'!$I$6:$Q$6&'Reg 85'!S$10&'Reg 85'!$B18),('DMR 001C TIN & TP'!$E$3:$E$10005&'DMR 001C TIN & TP'!$B$3:$B$10005&'DMR 001C TIN & TP'!$A$3:$A$10005),0),MATCH('Reg 85'!$O$11,'DMR 001C TIN & TP'!$A$2:$M$2,0))),"")} | T18: {=_xlfn.IFNA((INDEX('DMR 001C TIN & TP'!$A$3:$M$10005,MATCH(('Reg 85'!$I$6:$Q$6&'Reg 85'!T$10&'Reg 85'!$B18),('DMR 001C TIN & TP'!$E$3:$E$10005&'DMR 001C TIN & TP'!$B$3:$B$10005&'DMR 001C TIN & TP'!$A$3:$A$10005),0),MATCH('Reg 85'!$O$11,'DMR 001C TIN & TP'!$A$2:$M$2,0))),"")} | U18: {=_xlfn.IFNA((INDEX('DMR 001C TIN & TP'!$A$3:$M$10005,MATCH(('Reg 85'!$I$6:$Q$6&'Reg 85'!U$10&'Reg 85'!$B18),('DMR 001C TIN & TP'!$E$3:$E$10005&'DMR 001C TIN & TP'!$B$3:$B$10005&'DMR 001C TIN & TP'!$A$3:$A$10005),0),MATCH('Reg 85'!$O$11,'DMR 001C TIN & TP'!$A$2:$M$2,0))),"")} | V18: {=_xlfn.IFNA((INDEX('DMR 001C TIN & TP'!$A$3:$M$10005,MATCH(('Reg 85'!$I$6:$Q$6&'Reg 85'!V$10&'Reg 85'!$B18),('DMR 001C TIN & TP'!$E$3:$E$10005&'DMR 001C TIN & TP'!$B$3:$B$10005&'DMR 001C TIN & TP'!$A$3:$A$10005),0),MATCH('Reg 85'!$O$11,'DMR 001C TIN & TP'!$A$2:$M$2,0))),"")} | W18: {=_xlfn.IFNA((INDEX('DMR 001C TIN & TP'!$A$3:$M$10005,MATCH(('Reg 85'!$I$6:$Q$6&'Reg 85'!W$10&'Reg 85'!$B18),('DMR 001C TIN & TP'!$E$3:$E$10005&'DMR 001C TIN & TP'!$B$3:$B$10005&'DMR 001C TIN & TP'!$A$3:$A$10005),0),MATCH('Reg 85'!$O$11,'DMR 001C TIN & TP'!$A$2:$M$2,0))),"")} | X18: =IFERROR(IF(AA18<VALUE(Y18),"<",""),"") | Y18: {=_xlfn.IFNA((INDEX('DMR 001C TIN & TP'!$A$3:$M$10005,MATCH(('Reg 85'!$X$6&'Reg 85'!$X$10&'Reg 85'!$B18),('DMR 001C TIN & TP'!$E$3:$E$10005&'DMR 001C TIN & TP'!$B$3:$B$10005&'DMR 001C TIN & TP'!$A$3:$A$10005),0),MATCH('Reg 85'!$Y$11,'DMR 001C TIN & TP'!$A$2:$M$2,0))),"")} | Z18: {=_xlfn.IFNA((INDEX('DMR 001C TIN & TP'!$A$3:$M$10005,MATCH(('Reg 85'!$X$6&'Reg 85'!$X$10&'Reg 85'!$B18),('DMR 001C TIN & TP'!$E$3:$E$10005&'DMR 001C TIN & TP'!$B$3:$B$10005&'DMR 001C TIN & TP'!$A$3:$A$10005),0),MATCH('Reg 85'!$Z$11,'DMR 001C TIN & TP'!$A$2:$M$2,0))),"")} | AA18: =IFERROR(IF(VALUE(Z18)<VALUE(Y18),0,VALUE(Z18)),"") | AB18: =IFERROR(IF(AE18<VALUE(AC18),"<",""),"") | AC18: {=_xlfn.IFNA((INDEX('DMR 001C TIN & TP'!$A$3:$M$10005,MATCH(('Reg 85'!$X$6&'Reg 85'!$AB$10&'Reg 85'!$B18),('DMR 001C TIN & TP'!$E$3:$E$10005&'DMR 001C TIN & TP'!$B$3:$B$10005&'DMR 001C TIN & TP'!$A$3:$A$10005),0),MATCH('Reg 85'!$AC$11,'DMR 001C TIN & TP'!$A$2:$M$2,0))),"")} | AD18: {=_xlfn.IFNA((INDEX('DMR 001C TIN & TP'!$A$3:$M$10005,MATCH(('Reg 85'!$X$6&'Reg 85'!$AB$10&'Reg 85'!$B18),('DMR 001C TIN & TP'!$E$3:$E$10005&'DMR 001C TIN & TP'!$B$3:$B$10005&'DMR 001C TIN & TP'!$A$3:$A$10005),0),MATCH('Reg 85'!$AD$11,'DMR 001C TIN & TP'!$A$2:$M$2,0))),"")} | AE18: =IFERROR(IF(VALUE(AD18)<VALUE(AC18),0,VALUE(AD18)),"") | AF18: =IFERROR(((AA18*$F18)+(AE18*$G18))/($H18),"") | AG18: {=_xlfn.IFNA((INDEX('DMR 001C TIN & TP'!$A$3:$M$10005,MATCH(('Reg 85'!$X$6&'Reg 85'!AG$10&'Reg 85'!$B18),('DMR 001C TIN & TP'!$E$3:$E$10005&'DMR 001C TIN & TP'!$B$3:$B$10005&'DMR 001C TIN & TP'!$A$3:$A$10005),0),MATCH('Reg 85'!$AG$11,'DMR 001C TIN & TP'!$A$2:$M$2,0))),"")} | AH18: {=_xlfn.IFNA((INDEX('DMR 001C TIN & TP'!$A$3:$M$10005,MATCH(('Reg 85'!$X$6&'Reg 85'!AH$10&'Reg 85'!$B18),('DMR 001C TIN & TP'!$E$3:$E$10005&'DMR 001C TIN & TP'!$B$3:$B$10005&'DMR 001C TIN & TP'!$A$3:$A$10005),0),MATCH('Reg 85'!$AG$11,'DMR 001C TIN & TP'!$A$2:$M$2,0))),"")} | AI18: {=_xlfn.IFNA((INDEX('DMR 001C TIN & TP'!$A$3:$M$10005,MATCH(('Reg 85'!$X$6&'Reg 85'!AI$10&'Reg 85'!$B18),('DMR 001C TIN & TP'!$E$3:$E$10005&'DMR 001C TIN & TP'!$B$3:$B$10005&'DMR 001C TIN & TP'!$A$3:$A$10005),0),MATCH('Reg 85'!$AG$11,'DMR 001C TIN & TP'!$A$2:$M$2,0))),"")} | AJ18: {=_xlfn.IFNA((INDEX('DMR 001C TIN & TP'!$A$3:$M$10005,MATCH(('Reg 85'!$X$6&'Reg 85'!AJ$10&'Reg 85'!$B18),('DMR 001C TIN & TP'!$E$3:$E$10005&'DMR 001C TIN & TP'!$B$3:$B$10005&'DMR 001C TIN & TP'!$A$3:$A$10005),0),MATCH('Reg 85'!$AG$11,'DMR 001C TIN & TP'!$A$2:$M$2,0))),"")} | AK18: {=_xlfn.IFNA((INDEX('DMR 001C TIN & TP'!$A$3:$M$10005,MATCH(('Reg 85'!$X$6&'Reg 85'!AK$10&'Reg 85'!$B18),('DMR 001C TIN & TP'!$E$3:$E$10005&'DMR 001C TIN & TP'!$B$3:$B$10005&'DMR 001C TIN & TP'!$A$3:$A$10005),0),MATCH('Reg 85'!$AG$11,'DMR 001C TIN & TP'!$A$2:$M$2,0))),"")} | AL18: {=_xlfn.IFNA((INDEX('DMR 001C TIN & TP'!$A$3:$M$10005,MATCH(('Reg 85'!$X$6&'Reg 85'!AL$10&'Reg 85'!$B18),('DMR 001C TIN & TP'!$E$3:$E$10005&'DMR 001C TIN & TP'!$B$3:$B$10005&'DMR 001C TIN & TP'!$A$3:$A$10005),0),MATCH('Reg 85'!$AG$11,'DMR 001C TIN & TP'!$A$2:$M$2,0))),"")} | AO18: =IFERROR(Q18+AF18,"") | AP18: =IF(COUNT(IF((#REF!<=C18)*(#REF!>=D18)*(B18=EOMONTH(B18,0)),#REF!,""))=0,"",COUNT(IF((#REF!<=C18)*(#REF!>=D18)*(B18=EOMONTH(B18,0)),#REF!,""))) | AR18: {=_xlfn.IFNA((INDEX('DMR 001C TIN & TP'!$A$3:$M$10005,MATCH(('Reg 85'!$AQ$6&'Reg 85'!$AQ$10&'Reg 85'!$B18),('DMR 001C TIN & TP'!$E$3:$E$10005&'DMR 001C TIN & TP'!$B$3:$B$10005&'DMR 001C TIN & TP'!$A$3:$A$10005),0),MATCH('Reg 85'!$AR$11,'DMR 001C TIN & TP'!$A$2:$M$2,0))),"")} | AS18: {=_xlfn.IFNA((INDEX('DMR 001C TIN & TP'!$A$3:$M$10005,MATCH(('Reg 85'!$AQ$6&'Reg 85'!$AQ$10&'Reg 85'!$B18),('DMR 001C TIN & TP'!$E$3:$E$10005&'DMR 001C TIN & TP'!$B$3:$B$10005&'DMR 001C TIN & TP'!$A$3:$A$10005),0),MATCH('Reg 85'!$AS$11,'DMR 001C TIN & TP'!$A$2:$M$2,0))),"")} | AT18: =IFERROR(IF(VALUE(AS18)<VALUE(AR18),0,VALUE(AS18)),"") | AV18: {=_xlfn.IFNA((INDEX('DMR 001C TIN & TP'!$A$3:$M$10005,MATCH(('Reg 85'!$AQ$6&'Reg 85'!$AU$10&'Reg 85'!$B18),('DMR 001C TIN & TP'!$E$3:$E$10005&'DMR 001C TIN & TP'!$B$3:$B$10005&'DMR 001C TIN & TP'!$A$3:$A$10005),0),MATCH('Reg 85'!$AV$11,'DMR 001C TIN & TP'!$A$2:$M$2,0))),"")} | AW18: {=_xlfn.IFNA((INDEX('DMR 001C TIN & TP'!$A$3:$M$10005,MATCH(('Reg 85'!$AQ$6&'Reg 85'!$AU$10&'Reg 85'!$B18),('DMR 001C TIN & TP'!$E$3:$E$10005&'DMR 001C TIN & TP'!$B$3:$B$10005&'DMR 001C TIN & TP'!$A$3:$A$10005),0),MATCH('Reg 85'!$AW$11,'DMR 001C TIN & TP'!$A$2:$M$2,0))),"")} | AX18: =IFERROR(IF(VALUE(AW18)<VALUE(AV18),0,VALUE(AW18)),"") | AY18: =IFERROR(((AT18*$F18)+(AX18*$G18))/($H18),"") | AZ18: =IF(COUNT(IF((#REF!<=C18)*(#REF!>=D18)*(B18=EOMONTH(B18,0)),#REF!,""))=0,"",COUNT(IF((#REF!<=C18)*(#REF!>=D18)*(B18=EOMONTH(B18,0)),#REF!,""))) | BA18: {=_xlfn.IFNA((INDEX('DMR 001C TIN & TP'!$A$3:$M$10005,MATCH(('Reg 85'!$AQ$6&'Reg 85'!BA$10&'Reg 85'!$B18),('DMR 001C TIN & TP'!$E$3:$E$10005&'DMR 001C TIN & TP'!$B$3:$B$10005&'DMR 001C TIN & TP'!$A$3:$A$10005),0),MATCH('Reg 85'!$AG$11,'DMR 001C TIN & TP'!$A$2:$M$2,0))),"")} | BB18: {=_xlfn.IFNA((INDEX('DMR 001C TIN & TP'!$A$3:$M$10005,MATCH(('Reg 85'!$AQ$6&'Reg 85'!BB$10&'Reg 85'!$B18),('DMR 001C TIN & TP'!$E$3:$E$10005&'DMR 001C TIN & TP'!$B$3:$B$10005&'DMR 001C TIN & TP'!$A$3:$A$10005),0),MATCH('Reg 85'!$AG$11,'DMR 001C TIN & TP'!$A$2:$M$2,0))),"")} | BC18: {=_xlfn.IFNA((INDEX('DMR 001C TIN & TP'!$A$3:$M$10005,MATCH(('Reg 85'!$AQ$6&'Reg 85'!BC$10&'Reg 85'!$B18),('DMR 001C TIN & TP'!$E$3:$E$10005&'DMR 001C TIN & TP'!$B$3:$B$10005&'DMR 001C TIN & TP'!$A$3:$A$10005),0),MATCH('Reg 85'!$AG$11,'DMR 001C TIN & TP'!$A$2:$M$2,0))),"")} | BD18: {=_xlfn.IFNA((INDEX('DMR 001C TIN & TP'!$A$3:$M$10005,MATCH(('Reg 85'!$AQ$6&'Reg 85'!BD$10&'Reg 85'!$B18),('DMR 001C TIN & TP'!$E$3:$E$10005&'DMR 001C TIN & TP'!$B$3:$B$10005&'DMR 001C TIN & TP'!$A$3:$A$10005),0),MATCH('Reg 85'!$AG$11,'DMR 001C TIN & TP'!$A$2:$M$2,0))),"")} | BE18: {=_xlfn.IFNA((INDEX('DMR 001C TIN & TP'!$A$3:$M$10005,MATCH(('Reg 85'!$AQ$6&'Reg 85'!BE$10&'Reg 85'!$B18),('DMR 001C TIN & TP'!$E$3:$E$10005&'DMR 001C TIN & TP'!$B$3:$B$10005&'DMR 001C TIN & TP'!$A$3:$A$10005),0),MATCH('Reg 85'!$AG$11,'DMR 001C TIN & TP'!$A$2:$M$2,0))),"")} | BF18: {=_xlfn.IFNA((INDEX('DMR 001C TIN & TP'!$A$3:$M$10005,MATCH(('Reg 85'!$AQ$6&'Reg 85'!BF$10&'Reg 85'!$B18),('DMR 001C TIN & TP'!$E$3:$E$10005&'DMR 001C TIN & TP'!$B$3:$B$10005&'DMR 001C TIN & TP'!$A$3:$A$10005),0),MATCH('Reg 85'!$AG$11,'DMR 001C TIN & TP'!$A$2:$M$2,0))),"")}
A19: =TEXT(B19,"ddd") -> Sat | B19: =B18+1 -> 43351 | C19: =EOMONTH(B19,0) -> 43373 | D19: =EOMONTH(B19,-1)+1 -> 43344 | E19: =DAY(EOMONTH(B19,0)) -> 30 | F19: {=_xlfn.IFNA(INDEX('DMR Flows-Effluent'!$A$3:$F$9999,MATCH(($F$10&$B19),('DMR Flows-Effluent'!$B$3:$B$9999&'DMR Flows-Effluent'!$A$3:$A$9999),0),MATCH($F$8,'DMR Flows-Effluent'!$A$2:$F$2,0)),"")} -> 53.9073 | G19: {=_xlfn.IFNA(INDEX('DMR Flows-Effluent'!$A$3:$F$9999,MATCH(($G$10&$B19),('DMR Flows-Effluent'!$B$3:$B$9999&'DMR Flows-Effluent'!$A$3:$A$9999),0),MATCH($F$8,'DMR Flows-Effluent'!$A$2:$F$2,0)),"")} -> 68.1472 | H19: =SUM(F19:G19) -> 122.0545 | I19: =IFERROR(IF(L19<VALUE(J19),"<",""),"") | J19: {=_xlfn.IFNA((INDEX('DMR 001C TIN & TP'!$A$3:$M$10005,MATCH(('Reg 85'!$I$6:$Q$6&'Reg 85'!$I$10:$K$10&'Reg 85'!$B19),('DMR 001C TIN & TP'!$E$3:$E$10005&'DMR 001C TIN & TP'!$B$3:$B$10005&'DMR 001C TIN & TP'!$A$3:$A$10005),0),MATCH('Reg 85'!$J$11,'DMR 001C TIN & TP'!$A$2:$M$2,0))),"")} | K19: {=_xlfn.IFNA((INDEX('DMR 001C TIN & TP'!$A$3:$M$10005,MATCH(('Reg 85'!$I$6:$Q$6&'Reg 85'!$I$10:$K$10&'Reg 85'!$B19),('DMR 001C TIN & TP'!$E$3:$E$10005&'DMR 001C TIN & TP'!$B$3:$B$10005&'DMR 001C TIN & TP'!$A$3:$A$10005),0),MATCH('Reg 85'!$K$11,'DMR 001C TIN & TP'!$A$2:$M$2,0))),"")} | L19: =IFERROR(IF(VALUE(K19)<VALUE(J19),0,VALUE(K19)),"") | M19: =IFERROR(IF(P19<VALUE(N19),"<",""),"") | N19: {=_xlfn.IFNA((INDEX('DMR 001C TIN & TP'!$A$3:$M$10005,MATCH(('Reg 85'!$I$6:$Q$6&'Reg 85'!$M$10&'Reg 85'!$B19),('DMR 001C TIN & TP'!$E$3:$E$10005&'DMR 001C TIN & TP'!$B$3:$B$10005&'DMR 001C TIN & TP'!$A$3:$A$10005),0),MATCH('Reg 85'!$N$11,'DMR 001C TIN & TP'!$A$2:$M$2,0))),"")} | O19: {=_xlfn.IFNA((INDEX('DMR 001C TIN & TP'!$A$3:$M$10005,MATCH(('Reg 85'!$I$6:$Q$6&'Reg 85'!$M$10&'Reg 85'!$B19),('DMR 001C TIN & TP'!$E$3:$E$10005&'DMR 001C TIN & TP'!$B$3:$B$10005&'DMR 001C TIN & TP'!$A$3:$A$10005),0),MATCH('Reg 85'!$O$11,'DMR 001C TIN & TP'!$A$2:$M$2,0))),"")} | P19: =IFERROR(IF(VALUE(O19)<VALUE(N19),0,VALUE(O19)),"") | Q19: {=IFERROR(((L19*$F19)+(P19*$G19))/($H19),"")} | R19: {=_xlfn.IFNA((INDEX('DMR 001C TIN & TP'!$A$3:$M$10005,MATCH(('Reg 85'!$I$6:$Q$6&'Reg 85'!R$10&'Reg 85'!$B19),('DMR 001C TIN & TP'!$E$3:$E$10005&'DMR 001C TIN & TP'!$B$3:$B$10005&'DMR 001C TIN & TP'!$A$3:$A$10005),0),MATCH('Reg 85'!$O$11,'DMR 001C TIN & TP'!$A$2:$M$2,0))),"")} | S19: {=_xlfn.IFNA((INDEX('DMR 001C TIN & TP'!$A$3:$M$10005,MATCH(('Reg 85'!$I$6:$Q$6&'Reg 85'!S$10&'Reg 85'!$B19),('DMR 001C TIN & TP'!$E$3:$E$10005&'DMR 001C TIN & TP'!$B$3:$B$10005&'DMR 001C TIN & TP'!$A$3:$A$10005),0),MATCH('Reg 85'!$O$11,'DMR 001C TIN & TP'!$A$2:$M$2,0))),"")} | T19: {=_xlfn.IFNA((INDEX('DMR 001C TIN & TP'!$A$3:$M$10005,MATCH(('Reg 85'!$I$6:$Q$6&'Reg 85'!T$10&'Reg 85'!$B19),('DMR 001C TIN & TP'!$E$3:$E$10005&'DMR 001C TIN & TP'!$B$3:$B$10005&'DMR 001C TIN & TP'!$A$3:$A$10005),0),MATCH('Reg 85'!$O$11,'DMR 001C TIN & TP'!$A$2:$M$2,0))),"")} | U19: {=_xlfn.IFNA((INDEX('DMR 001C TIN & TP'!$A$3:$M$10005,MATCH(('Reg 85'!$I$6:$Q$6&'Reg 85'!U$10&'Reg 85'!$B19),('DMR 001C TIN & TP'!$E$3:$E$10005&'DMR 001C TIN & TP'!$B$3:$B$10005&'DMR 001C TIN & TP'!$A$3:$A$10005),0),MATCH('Reg 85'!$O$11,'DMR 001C TIN & TP'!$A$2:$M$2,0))),"")} | V19: {=_xlfn.IFNA((INDEX('DMR 001C TIN & TP'!$A$3:$M$10005,MATCH(('Reg 85'!$I$6:$Q$6&'Reg 85'!V$10&'Reg 85'!$B19),('DMR 001C TIN & TP'!$E$3:$E$10005&'DMR 001C TIN & TP'!$B$3:$B$10005&'DMR 001C TIN & TP'!$A$3:$A$10005),0),MATCH('Reg 85'!$O$11,'DMR 001C TIN & TP'!$A$2:$M$2,0))),"")} | W19: {=_xlfn.IFNA((INDEX('DMR 001C TIN & TP'!$A$3:$M$10005,MATCH(('Reg 85'!$I$6:$Q$6&'Reg 85'!W$10&'Reg 85'!$B19),('DMR 001C TIN & TP'!$E$3:$E$10005&'DMR 001C TIN & TP'!$B$3:$B$10005&'DMR 001C TIN & TP'!$A$3:$A$10005),0),MATCH('Reg 85'!$O$11,'DMR 001C TIN & TP'!$A$2:$M$2,0))),"")} | X19: =IFERROR(IF(AA19<VALUE(Y19),"<",""),"") | Y19: {=_xlfn.IFNA((INDEX('DMR 001C TIN & TP'!$A$3:$M$10005,MATCH(('Reg 85'!$X$6&'Reg 85'!$X$10&'Reg 85'!$B19),('DMR 001C TIN & TP'!$E$3:$E$10005&'DMR 001C TIN & TP'!$B$3:$B$10005&'DMR 001C TIN & TP'!$A$3:$A$10005),0),MATCH('Reg 85'!$Y$11,'DMR 001C TIN & TP'!$A$2:$M$2,0))),"")} | Z19: {=_xlfn.IFNA((INDEX('DMR 001C TIN & TP'!$A$3:$M$10005,MATCH(('Reg 85'!$X$6&'Reg 85'!$X$10&'Reg 85'!$B19),('DMR 001C TIN & TP'!$E$3:$E$10005&'DMR 001C TIN & TP'!$B$3:$B$10005&'DMR 001C TIN & TP'!$A$3:$A$10005),0),MATCH('Reg 85'!$Z$11,'DMR 001C TIN & TP'!$A$2:$M$2,0))),"")} | AA19: =IFERROR(IF(VALUE(Z19)<VALUE(Y19),0,VALUE(Z19)),"") | AB19: =IFERROR(IF(AE19<VALUE(AC19),"<",""),"") | AC19: {=_xlfn.IFNA((INDEX('DMR 001C TIN & TP'!$A$3:$M$10005,MATCH(('Reg 85'!$X$6&'Reg 85'!$AB$10&'Reg 85'!$B19),('DMR 001C TIN & TP'!$E$3:$E$10005&'DMR 001C TIN & TP'!$B$3:$B$10005&'DMR 001C TIN & TP'!$A$3:$A$10005),0),MATCH('Reg 85'!$AC$11,'DMR 001C TIN & TP'!$A$2:$M$2,0))),"")} | AD19: {=_xlfn.IFNA((INDEX('DMR 001C TIN & TP'!$A$3:$M$10005,MATCH(('Reg 85'!$X$6&'Reg 85'!$AB$10&'Reg 85'!$B19),('DMR 001C TIN & TP'!$E$3:$E$10005&'DMR 001C TIN & TP'!$B$3:$B$10005&'DMR 001C TIN & TP'!$A$3:$A$10005),0),MATCH('Reg 85'!$AD$11,'DMR 001C TIN & TP'!$A$2:$M$2,0))),"")} | AE19: =IFERROR(IF(VALUE(AD19)<VALUE(AC19),0,VALUE(AD19)),"") | AF19: =IFERROR(((AA19*$F19)+(AE19*$G19))/($H19),"") | AG19: {=_xlfn.IFNA((INDEX('DMR 001C TIN & TP'!$A$3:$M$10005,MATCH(('Reg 85'!$X$6&'Reg 85'!AG$10&'Reg 85'!$B19),('DMR 001C TIN & TP'!$E$3:$E$10005&'DMR 001C TIN & TP'!$B$3:$B$10005&'DMR 001C TIN & TP'!$A$3:$A$10005),0),MATCH('Reg 85'!$AG$11,'DMR 001C TIN & TP'!$A$2:$M$2,0))),"")} | AH19: {=_xlfn.IFNA((INDEX('DMR 001C TIN & TP'!$A$3:$M$10005,MATCH(('Reg 85'!$X$6&'Reg 85'!AH$10&'Reg 85'!$B19),('DMR 001C TIN & TP'!$E$3:$E$10005&'DMR 001C TIN & TP'!$B$3:$B$10005&'DMR 001C TIN & TP'!$A$3:$A$10005),0),MATCH('Reg 85'!$AG$11,'DMR 001C TIN & TP'!$A$2:$M$2,0))),"")} | AI19: {=_xlfn.IFNA((INDEX('DMR 001C TIN & TP'!$A$3:$M$10005,MATCH(('Reg 85'!$X$6&'Reg 85'!AI$10&'Reg 85'!$B19),('DMR 001C TIN & TP'!$E$3:$E$10005&'DMR 001C TIN & TP'!$B$3:$B$10005&'DMR 001C TIN & TP'!$A$3:$A$10005),0),MATCH('Reg 85'!$AG$11,'DMR 001C TIN & TP'!$A$2:$M$2,0))),"")} | AJ19: {=_xlfn.IFNA((INDEX('DMR 001C TIN & TP'!$A$3:$M$10005,MATCH(('Reg 85'!$X$6&'Reg 85'!AJ$10&'Reg 85'!$B19),('DMR 001C TIN & TP'!$E$3:$E$10005&'DMR 001C TIN & TP'!$B$3:$B$10005&'DMR 001C TIN & TP'!$A$3:$A$10005),0),MATCH('Reg 85'!$AG$11,'DMR 001C TIN & TP'!$A$2:$M$2,0))),"")} | AK19: {=_xlfn.IFNA((INDEX('DMR 001C TIN & TP'!$A$3:$M$10005,MATCH(('Reg 85'!$X$6&'Reg 85'!AK$10&'Reg 85'!$B19),('DMR 001C TIN & TP'!$E$3:$E$10005&'DMR 001C TIN & TP'!$B$3:$B$10005&'DMR 001C TIN & TP'!$A$3:$A$10005),0),MATCH('Reg 85'!$AG$11,'DMR 001C TIN & TP'!$A$2:$M$2,0))),"")} | AL19: {=_xlfn.IFNA((INDEX('DMR 001C TIN & TP'!$A$3:$M$10005,MATCH(('Reg 85'!$X$6&'Reg 85'!AL$10&'Reg 85'!$B19),('DMR 001C TIN & TP'!$E$3:$E$10005&'DMR 001C TIN & TP'!$B$3:$B$10005&'DMR 001C TIN & TP'!$A$3:$A$10005),0),MATCH('Reg 85'!$AG$11,'DMR 001C TIN & TP'!$A$2:$M$2,0))),"")} | AO19: =IFERROR(Q19+AF19,"") | AP19: =IF(COUNT(IF((#REF!<=C19)*(#REF!>=D19)*(B19=EOMONTH(B19,0)),#REF!,""))=0,"",COUNT(IF((#REF!<=C19)*(#REF!>=D19)*(B19=EOMONTH(B19,0)),#REF!,""))) | AR19: {=_xlfn.IFNA((INDEX('DMR 001C TIN & TP'!$A$3:$M$10005,MATCH(('Reg 85'!$AQ$6&'Reg 85'!$AQ$10&'Reg 85'!$B19),('DMR 001C TIN & TP'!$E$3:$E$10005&'DMR 001C TIN & TP'!$B$3:$B$10005&'DMR 001C TIN & TP'!$A$3:$A$10005),0),MATCH('Reg 85'!$AR$11,'DMR 001C TIN & TP'!$A$2:$M$2,0))),"")} | AS19: {=_xlfn.IFNA((INDEX('DMR 001C TIN & TP'!$A$3:$M$10005,MATCH(('Reg 85'!$AQ$6&'Reg 85'!$AQ$10&'Reg 85'!$B19),('DMR 001C TIN & TP'!$E$3:$E$10005&'DMR 001C TIN & TP'!$B$3:$B$10005&'DMR 001C TIN & TP'!$A$3:$A$10005),0),MATCH('Reg 85'!$AS$11,'DMR 001C TIN & TP'!$A$2:$M$2,0))),"")} | AT19: =IFERROR(IF(VALUE(AS19)<VALUE(AR19),0,VALUE(AS19)),"") | AV19: {=_xlfn.IFNA((INDEX('DMR 001C TIN & TP'!$A$3:$M$10005,MATCH(('Reg 85'!$AQ$6&'Reg 85'!$AU$10&'Reg 85'!$B19),('DMR 001C TIN & TP'!$E$3:$E$10005&'DMR 001C TIN & TP'!$B$3:$B$10005&'DMR 001C TIN & TP'!$A$3:$A$10005),0),MATCH('Reg 85'!$AV$11,'DMR 001C TIN & TP'!$A$2:$M$2,0))),"")} | AW19: {=_xlfn.IFNA((INDEX('DMR 001C TIN & TP'!$A$3:$M$10005,MATCH(('Reg 85'!$AQ$6&'Reg 85'!$AU$10&'Reg 85'!$B19),('DMR 001C TIN & TP'!$E$3:$E$10005&'DMR 001C TIN & TP'!$B$3:$B$10005&'DMR 001C TIN & TP'!$A$3:$A$10005),0),MATCH('Reg 85'!$AW$11,'DMR 001C TIN & TP'!$A$2:$M$2,0))),"")} | AX19: =IFERROR(IF(VALUE(AW19)<VALUE(AV19),0,VALUE(AW19)),"") | AY19: =IFERROR(((AT19*$F19)+(AX19*$G19))/($H19),"") | AZ19: =IF(COUNT(IF((#REF!<=C19)*(#REF!>=D19)*(B19=EOMONTH(B19,0)),#REF!,""))=0,"",COUNT(IF((#REF!<=C19)*(#REF!>=D19)*(B19=EOMONTH(B19,0)),#REF!,""))) | BA19: {=_xlfn.IFNA((INDEX('DMR 001C TIN & TP'!$A$3:$M$10005,MATCH(('Reg 85'!$AQ$6&'Reg 85'!BA$10&'Reg 85'!$B19),('DMR 001C TIN & TP'!$E$3:$E$10005&'DMR 001C TIN & TP'!$B$3:$B$10005&'DMR 001C TIN & TP'!$A$3:$A$10005),0),MATCH('Reg 85'!$AG$11,'DMR 001C TIN & TP'!$A$2:$M$2,0))),"")} | BB19: {=_xlfn.IFNA((INDEX('DMR 001C TIN & TP'!$A$3:$M$10005,MATCH(('Reg 85'!$AQ$6&'Reg 85'!BB$10&'Reg 85'!$B19),('DMR 001C TIN & TP'!$E$3:$E$10005&'DMR 001C TIN & TP'!$B$3:$B$10005&'DMR 001C TIN & TP'!$A$3:$A$10005),0),MATCH('Reg 85'!$AG$11,'DMR 001C TIN & TP'!$A$2:$M$2,0))),"")} | BC19: {=_xlfn.IFNA((INDEX('DMR 001C TIN & TP'!$A$3:$M$10005,MATCH(('Reg 85'!$AQ$6&'Reg 85'!BC$10&'Reg 85'!$B19),('DMR 001C TIN & TP'!$E$3:$E$10005&'DMR 001C TIN & TP'!$B$3:$B$10005&'DMR 001C TIN & TP'!$A$3:$A$10005),0),MATCH('Reg 85'!$AG$11,'DMR 001C TIN & TP'!$A$2:$M$2,0))),"")} | BD19: {=_xlfn.IFNA((INDEX('DMR 001C TIN & TP'!$A$3:$M$10005,MATCH(('Reg 85'!$AQ$6&'Reg 85'!BD$10&'Reg 85'!$B19),('DMR 001C TIN & TP'!$E$3:$E$10005&'DMR 001C TIN & TP'!$B$3:$B$10005&'DMR 001C TIN & TP'!$A$3:$A$10005),0),MATCH('Reg 85'!$AG$11,'DMR 001C TIN & TP'!$A$2:$M$2,0))),"")} | BE19: {=_xlfn.IFNA((INDEX('DMR 001C TIN & TP'!$A$3:$M$10005,MATCH(('Reg 85'!$AQ$6&'Reg 85'!BE$10&'Reg 85'!$B19),('DMR 001C TIN & TP'!$E$3:$E$10005&'DMR 001C TIN & TP'!$B$3:$B$10005&'DMR 001C TIN & TP'!$A$3:$A$10005),0),MATCH('Reg 85'!$AG$11,'DMR 001C TIN & TP'!$A$2:$M$2,0))),"")} | BF19: {=_xlfn.IFNA((INDEX('DMR 001C TIN & TP'!$A$3:$M$10005,MATCH(('Reg 85'!$AQ$6&'Reg 85'!BF$10&'Reg 85'!$B19),('DMR 001C TIN & TP'!$E$3:$E$10005&'DMR 001C TIN & TP'!$B$3:$B$10005&'DMR 001C TIN & TP'!$A$3:$A$10005),0),MATCH('Reg 85'!$AG$11,'DMR 001C TIN & TP'!$A$2:$M$2,0))),"")}
A20: =TEXT(B20,"ddd") -> Sun | B20: =B19+1 -> 43352 | C20: =EOMONTH(B20,0) -> 43373 | D20: =EOMONTH(B20,-1)+1 -> 43344 | E20: =DAY(EOMONTH(B20,0)) -> 30 | F20: {=_xlfn.IFNA(INDEX('DMR Flows-Effluent'!$A$3:$F$9999,MATCH(($F$10&$B20),('DMR Flows-Effluent'!$B$3:$B$9999&'DMR Flows-Effluent'!$A$3:$A$9999),0),MATCH($F$8,'DMR Flows-Effluent'!$A$2:$F$2,0)),"")} -> 56.1743 | G20: {=_xlfn.IFNA(INDEX('DMR Flows-Effluent'!$A$3:$F$9999,MATCH(($G$10&$B20),('DMR Flows-Effluent'!$B$3:$B$9999&'DMR Flows-Effluent'!$A$3:$A$9999),0),MATCH($F$8,'DMR Flows-Effluent'!$A$2:$F$2,0)),"")} -> 71.0351 | H20: =SUM(F20:G20) -> 127.2094 | I20: =IFERROR(IF(L20<VALUE(J20),"<",""),"") | J20: {=_xlfn.IFNA((INDEX('DMR 001C TIN & TP'!$A$3:$M$10005,MATCH(('Reg 85'!$I$6:$Q$6&'Reg 85'!$I$10:$K$10&'Reg 85'!$B20),('DMR 001C TIN & TP'!$E$3:$E$10005&'DMR 001C TIN & TP'!$B$3:$B$10005&'DMR 001C TIN & TP'!$A$3:$A$10005),0),MATCH('Reg 85'!$J$11,'DMR 001C TIN & TP'!$A$2:$M$2,0))),"")} | K20: {=_xlfn.IFNA((INDEX('DMR 001C TIN & TP'!$A$3:$M$10005,MATCH(('Reg 85'!$I$6:$Q$6&'Reg 85'!$I$10:$K$10&'Reg 85'!$B20),('DMR 001C TIN & TP'!$E$3:$E$10005&'DMR 001C TIN & TP'!$B$3:$B$10005&'DMR 001C TIN & TP'!$A$3:$A$10005),0),MATCH('Reg 85'!$K$11,'DMR 001C TIN & TP'!$A$2:$M$2,0))),"")} | L20: =IFERROR(IF(VALUE(K20)<VALUE(J20),0,VALUE(K20)),"") | M20: =IFERROR(IF(P20<VALUE(N20),"<",""),"") | N20: {=_xlfn.IFNA((INDEX('DMR 001C TIN & TP'!$A$3:$M$10005,MATCH(('Reg 85'!$I$6:$Q$6&'Reg 85'!$M$10&'Reg 85'!$B20),('DMR 001C TIN & TP'!$E$3:$E$10005&'DMR 001C TIN & TP'!$B$3:$B$10005&'DMR 001C TIN & TP'!$A$3:$A$10005),0),MATCH('Reg 85'!$N$11,'DMR 001C TIN & TP'!$A$2:$M$2,0))),"")} | O20: {=_xlfn.IFNA((INDEX('DMR 001C TIN & TP'!$A$3:$M$10005,MATCH(('Reg 85'!$I$6:$Q$6&'Reg 85'!$M$10&'Reg 85'!$B20),('DMR 001C TIN & TP'!$E$3:$E$10005&'DMR 001C TIN & TP'!$B$3:$B$10005&'DMR 001C TIN & TP'!$A$3:$A$10005),0),MATCH('Reg 85'!$O$11,'DMR 001C TIN & TP'!$A$2:$M$2,0))),"")} | P20: =IFERROR(IF(VALUE(O20)<VALUE(N20),0,VALUE(O20)),"") | Q20: {=IFERROR(((L20*$F20)+(P20*$G20))/($H20),"")} | R20: {=_xlfn.IFNA((INDEX('DMR 001C TIN & TP'!$A$3:$M$10005,MATCH(('Reg 85'!$I$6:$Q$6&'Reg 85'!R$10&'Reg 85'!$B20),('DMR 001C TIN & TP'!$E$3:$E$10005&'DMR 001C TIN & TP'!$B$3:$B$10005&'DMR 001C TIN & TP'!$A$3:$A$10005),0),MATCH('Reg 85'!$O$11,'DMR 001C TIN & TP'!$A$2:$M$2,0))),"")} | S20: {=_xlfn.IFNA((INDEX('DMR 001C TIN & TP'!$A$3:$M$10005,MATCH(('Reg 85'!$I$6:$Q$6&'Reg 85'!S$10&'Reg 85'!$B20),('DMR 001C TIN & TP'!$E$3:$E$10005&'DMR 001C TIN & TP'!$B$3:$B$10005&'DMR 001C TIN & TP'!$A$3:$A$10005),0),MATCH('Reg 85'!$O$11,'DMR 001C TIN & TP'!$A$2:$M$2,0))),"")} | T20: {=_xlfn.IFNA((INDEX('DMR 001C TIN & TP'!$A$3:$M$10005,MATCH(('Reg 85'!$I$6:$Q$6&'Reg 85'!T$10&'Reg 85'!$B20),('DMR 001C TIN & TP'!$E$3:$E$10005&'DMR 001C TIN & TP'!$B$3:$B$10005&'DMR 001C TIN & TP'!$A$3:$A$10005),0),MATCH('Reg 85'!$O$11,'DMR 001C TIN & TP'!$A$2:$M$2,0))),"")} | U20: {=_xlfn.IFNA((INDEX('DMR 001C TIN & TP'!$A$3:$M$10005,MATCH(('Reg 85'!$I$6:$Q$6&'Reg 85'!U$10&'Reg 85'!$B20),('DMR 001C TIN & TP'!$E$3:$E$10005&'DMR 001C TIN & TP'!$B$3:$B$10005&'DMR 001C TIN & TP'!$A$3:$A$10005),0),MATCH('Reg 85'!$O$11,'DMR 001C TIN & TP'!$A$2:$M$2,0))),"")} | V20: {=_xlfn.IFNA((INDEX('DMR 001C TIN & TP'!$A$3:$M$10005,MATCH(('Reg 85'!$I$6:$Q$6&'Reg 85'!V$10&'Reg 85'!$B20),('DMR 001C TIN & TP'!$E$3:$E$10005&'DMR 001C TIN & TP'!$B$3:$B$10005&'DMR 001C TIN & TP'!$A$3:$A$10005),0),MATCH('Reg 85'!$O$11,'DMR 001C TIN & TP'!$A$2:$M$2,0))),"")} | W20: {=_xlfn.IFNA((INDEX('DMR 001C TIN & TP'!$A$3:$M$10005,MATCH(('Reg 85'!$I$6:$Q$6&'Reg 85'!W$10&'Reg 85'!$B20),('DMR 001C TIN & TP'!$E$3:$E$10005&'DMR 001C TIN & TP'!$B$3:$B$10005&'DMR 001C TIN & TP'!$A$3:$A$10005),0),MATCH('Reg 85'!$O$11,'DMR 001C TIN & TP'!$A$2:$M$2,0))),"")} | X20: =IFERROR(IF(AA20<VALUE(Y20),"<",""),"") | Y20: {=_xlfn.IFNA((INDEX('DMR 001C TIN & TP'!$A$3:$M$10005,MATCH(('Reg 85'!$X$6&'Reg 85'!$X$10&'Reg 85'!$B20),('DMR 001C TIN & TP'!$E$3:$E$10005&'DMR 001C TIN & TP'!$B$3:$B$10005&'DMR 001C TIN & TP'!$A$3:$A$10005),0),MATCH('Reg 85'!$Y$11,'DMR 001C TIN & TP'!$A$2:$M$2,0))),"")} | Z20: {=_xlfn.IFNA((INDEX('DMR 001C TIN & TP'!$A$3:$M$10005,MATCH(('Reg 85'!$X$6&'Reg 85'!$X$10&'Reg 85'!$B20),('DMR 001C TIN & TP'!$E$3:$E$10005&'DMR 001C TIN & TP'!$B$3:$B$10005&'DMR 001C TIN & TP'!$A$3:$A$10005),0),MATCH('Reg 85'!$Z$11,'DMR 001C TIN & TP'!$A$2:$M$2,0))),"")} | AA20: =IFERROR(IF(VALUE(Z20)<VALUE(Y20),0,VALUE(Z20)),"") | AB20: =IFERROR(IF(AE20<VALUE(AC20),"<",""),"") | AC20: {=_xlfn.IFNA((INDEX('DMR 001C TIN & TP'!$A$3:$M$10005,MATCH(('Reg 85'!$X$6&'Reg 85'!$AB$10&'Reg 85'!$B20),('DMR 001C TIN & TP'!$E$3:$E$10005&'DMR 001C TIN & TP'!$B$3:$B$10005&'DMR 001C TIN & TP'!$A$3:$A$10005),0),MATCH('Reg 85'!$AC$11,'DMR 001C TIN & TP'!$A$2:$M$2,0))),"")} | AD20: {=_xlfn.IFNA((INDEX('DMR 001C TIN & TP'!$A$3:$M$10005,MATCH(('Reg 85'!$X$6&'Reg 85'!$AB$10&'Reg 85'!$B20),('DMR 001C TIN & TP'!$E$3:$E$10005&'DMR 001C TIN & TP'!$B$3:$B$10005&'DMR 001C TIN & TP'!$A$3:$A$10005),0),MATCH('Reg 85'!$AD$11,'DMR 001C TIN & TP'!$A$2:$M$2,0))),"")} | AE20: =IFERROR(IF(VALUE(AD20)<VALUE(AC20),0,VALUE(AD20)),"") | AF20: =IFERROR(((AA20*$F20)+(AE20*$G20))/($H20),"") | AG20: {=_xlfn.IFNA((INDEX('DMR 001C TIN & TP'!$A$3:$M$10005,MATCH(('Reg 85'!$X$6&'Reg 85'!AG$10&'Reg 85'!$B20),('DMR 001C TIN & TP'!$E$3:$E$10005&'DMR 001C TIN & TP'!$B$3:$B$10005&'DMR 001C TIN & TP'!$A$3:$A$10005),0),MATCH('Reg 85'!$AG$11,'DMR 001C TIN & TP'!$A$2:$M$2,0))),"")} | AH20: {=_xlfn.IFNA((INDEX('DMR 001C TIN & TP'!$A$3:$M$10005,MATCH(('Reg 85'!$X$6&'Reg 85'!AH$10&'Reg 85'!$B20),('DMR 001C TIN & TP'!$E$3:$E$10005&'DMR 001C TIN & TP'!$B$3:$B$10005&'DMR 001C TIN & TP'!$A$3:$A$10005),0),MATCH('Reg 85'!$AG$11,'DMR 001C TIN & TP'!$A$2:$M$2,0))),"")} | AI20: {=_xlfn.IFNA((INDEX('DMR 001C TIN & TP'!$A$3:$M$10005,MATCH(('Reg 85'!$X$6&'Reg 85'!AI$10&'Reg 85'!$B20),('DMR 001C TIN & TP'!$E$3:$E$10005&'DMR 001C TIN & TP'!$B$3:$B$10005&'DMR 001C TIN & TP'!$A$3:$A$10005),0),MATCH('Reg 85'!$AG$11,'DMR 001C TIN & TP'!$A$2:$M$2,0))),"")} | AJ20: {=_xlfn.IFNA((INDEX('DMR 001C TIN & TP'!$A$3:$M$10005,MATCH(('Reg 85'!$X$6&'Reg 85'!AJ$10&'Reg 85'!$B20),('DMR 001C TIN & TP'!$E$3:$E$10005&'DMR 001C TIN & TP'!$B$3:$B$10005&'DMR 001C TIN & TP'!$A$3:$A$10005),0),MATCH('Reg 85'!$AG$11,'DMR 001C TIN & TP'!$A$2:$M$2,0))),"")} | AK20: {=_xlfn.IFNA((INDEX('DMR 001C TIN & TP'!$A$3:$M$10005,MATCH(('Reg 85'!$X$6&'Reg 85'!AK$10&'Reg 85'!$B20),('DMR 001C TIN & TP'!$E$3:$E$10005&'DMR 001C TIN & TP'!$B$3:$B$10005&'DMR 001C TIN & TP'!$A$3:$A$10005),0),MATCH('Reg 85'!$AG$11,'DMR 001C TIN & TP'!$A$2:$M$2,0))),"")} | AL20: {=_xlfn.IFNA((INDEX('DMR 001C TIN & TP'!$A$3:$M$10005,MATCH(('Reg 85'!$X$6&'Reg 85'!AL$10&'Reg 85'!$B20),('DMR 001C TIN & TP'!$E$3:$E$10005&'DMR 001C TIN & TP'!$B$3:$B$10005&'DMR 001C TIN & TP'!$A$3:$A$10005),0),MATCH('Reg 85'!$AG$11,'DMR 001C TIN & TP'!$A$2:$M$2,0))),"")} | AO20: =IFERROR(Q20+AF20,"") | AP20: =IF(COUNT(IF((#REF!<=C20)*(#REF!>=D20)*(B20=EOMONTH(B20,0)),#REF!,""))=0,"",COUNT(IF((#REF!<=C20)*(#REF!>=D20)*(B20=EOMONTH(B20,0)),#REF!,""))) | AR20: {=_xlfn.IFNA((INDEX('DMR 001C TIN & TP'!$A$3:$M$10005,MATCH(('Reg 85'!$AQ$6&'Reg 85'!$AQ$10&'Reg 85'!$B20),('DMR 001C TIN & TP'!$E$3:$E$10005&'DMR 001C TIN & TP'!$B$3:$B$10005&'DMR 001C TIN & TP'!$A$3:$A$10005),0),MATCH('Reg 85'!$AR$11,'DMR 001C TIN & TP'!$A$2:$M$2,0))),"")} -> 0.03 | AS20: {=_xlfn.IFNA((INDEX('DMR 001C TIN & TP'!$A$3:$M$10005,MATCH(('Reg 85'!$AQ$6&'Reg 85'!$AQ$10&'Reg 85'!$B20),('DMR 001C TIN & TP'!$E$3:$E$10005&'DMR 001C TIN & TP'!$B$3:$B$10005&'DMR 001C TIN & TP'!$A$3:$A$10005),0),MATCH('Reg 85'!$AS$11,'DMR 001C TIN & TP'!$A$2:$M$2,0))),"")} -> 0.41 | AT20: =IFERROR(IF(VALUE(AS20)<VALUE(AR20),0,VALUE(AS20)),"") -> 0.41 | AV20: {=_xlfn.IFNA((INDEX('DMR 001C TIN & TP'!$A$3:$M$10005,MATCH(('Reg 85'!$AQ$6&'Reg 85'!$AU$10&'Reg 85'!$B20),('DMR 001C TIN & TP'!$E$3:$E$10005&'DMR 001C TIN & TP'!$B$3:$B$10005&'DMR 001C TIN & TP'!$A$3:$A$10005),0),MATCH('Reg 85'!$AV$11,'DMR 001C TIN & TP'!$A$2:$M$2,0))),"")} -> 0.06 | AW20: {=_xlfn.IFNA((INDEX('DMR 001C TIN & TP'!$A$3:$M$10005,MATCH(('Reg 85'!$AQ$6&'Reg 85'!$AU$10&'Reg 85'!$B20),('DMR 001C TIN & TP'!$E$3:$E$10005&'DMR 001C TIN & TP'!$B$3:$B$10005&'DMR 001C TIN & TP'!$A$3:$A$10005),0),MATCH('Reg 85'!$AW$11,'DMR 001C TIN & TP'!$A$2:$M$2,0))),"")} -> 3.47 | AX20: =IFERROR(IF(VALUE(AW20)<VALUE(AV20),0,VALUE(AW20)),"") -> 3.47 | AY20: =IFERROR(((AT20*$F20)+(AX20*$G20))/($H20),"") -> 2.118737 | AZ20: =IF(COUNT(IF((#REF!<=C20)*(#REF!>=D20)*(B20=EOMONTH(B20,0)),#REF!,""))=0,"",COUNT(IF((#REF!<=C20)*(#REF!>=D20)*(B20=EOMONTH(B20,0)),#REF!,""))) | BA20: {=_xlfn.IFNA((INDEX('DMR 001C TIN & TP'!$A$3:$M$10005,MATCH(('Reg 85'!$AQ$6&'Reg 85'!BA$10&'Reg 85'!$B20),('DMR 001C TIN & TP'!$E$3:$E$10005&'DMR 001C TIN & TP'!$B$3:$B$10005&'DMR 001C TIN & TP'!$A$3:$A$10005),0),MATCH('Reg 85'!$AG$11,'DMR 001C TIN & TP'!$A$2:$M$2,0))),"")} | BB20: {=_xlfn.IFNA((INDEX('DMR 001C TIN & TP'!$A$3:$M$10005,MATCH(('Reg 85'!$AQ$6&'Reg 85'!BB$10&'Reg 85'!$B20),('DMR 001C TIN & TP'!$E$3:$E$10005&'DMR 001C TIN & TP'!$B$3:$B$10005&'DMR 001C TIN & TP'!$A$3:$A$10005),0),MATCH('Reg 85'!$AG$11,'DMR 001C TIN & TP'!$A$2:$M$2,0))),"")} | BC20: {=_xlfn.IFNA((INDEX('DMR 001C TIN & TP'!$A$3:$M$10005,MATCH(('Reg 85'!$AQ$6&'Reg 85'!BC$10&'Reg 85'!$B20),('DMR 001C TIN & TP'!$E$3:$E$10005&'DMR 001C TIN & TP'!$B$3:$B$10005&'DMR 001C TIN & TP'!$A$3:$A$10005),0),MATCH('Reg 85'!$AG$11,'DMR 001C TIN & TP'!$A$2:$M$2,0))),"")} | BD20: {=_xlfn.IFNA((INDEX('DMR 001C TIN & TP'!$A$3:$M$10005,MATCH(('Reg 85'!$AQ$6&'Reg 85'!BD$10&'Reg 85'!$B20),('DMR 001C TIN & TP'!$E$3:$E$10005&'DMR 001C TIN & TP'!$B$3:$B$10005&'DMR 001C TIN & TP'!$A$3:$A$10005),0),MATCH('Reg 85'!$AG$11,'DMR 001C TIN & TP'!$A$2:$M$2,0))),"")} | BE20: {=_xlfn.IFNA((INDEX('DMR 001C TIN & TP'!$A$3:$M$10005,MATCH(('Reg 85'!$AQ$6&'Reg 85'!BE$10&'Reg 85'!$B20),('DMR 001C TIN & TP'!$E$3:$E$10005&'DMR 001C TIN & TP'!$B$3:$B$10005&'DMR 001C TIN & TP'!$A$3:$A$10005),0),MATCH('Reg 85'!$AG$11,'DMR 001C TIN & TP'!$A$2:$M$2,0))),"")} | BF20: {=_xlfn.IFNA((INDEX('DMR 001C TIN & TP'!$A$3:$M$10005,MATCH(('Reg 85'!$AQ$6&'Reg 85'!BF$10&'Reg 85'!$B20),('DMR 001C TIN & TP'!$E$3:$E$10005&'DMR 001C TIN & TP'!$B$3:$B$10005&'DMR 001C TIN & TP'!$A$3:$A$10005),0),MATCH('Reg 85'!$AG$11,'DMR 001C TIN & TP'!$A$2:$M$2,0))),"")}
A21: =TEXT(B21,"ddd") -> Mon | B21: =B20+1 -> 43353 | C21: =EOMONTH(B21,0) -> 43373 | D21: =EOMONTH(B21,-1)+1 -> 43344 | E21: =DAY(EOMONTH(B21,0)) -> 30 | F21: {=_xlfn.IFNA(INDEX('DMR Flows-Effluent'!$A$3:$F$9999,MATCH(($F$10&$B21),('DMR Flows-Effluent'!$B$3:$B$9999&'DMR Flows-Effluent'!$A$3:$A$9999),0),MATCH($F$8,'DMR Flows-Effluent'!$A$2:$F$2,0)),"")} -> 52.4133 | G21: {=_xlfn.IFNA(INDEX('DMR Flows-Effluent'!$A$3:$F$9999,MATCH(($G$10&$B21),('DMR Flows-Effluent'!$B$3:$B$9999&'DMR Flows-Effluent'!$A$3:$A$9999),0),MATCH($F$8,'DMR Flows-Effluent'!$A$2:$F$2,0)),"")} -> 70.4375 | H21: =SUM(F21:G21) -> 122.8508 | I21: =IFERROR(IF(L21<VALUE(J21),"<",""),"") | J21: {=_xlfn.IFNA((INDEX('DMR 001C TIN & TP'!$A$3:$M$10005,MATCH(('Reg 85'!$I$6:$Q$6&'Reg 85'!$I$10:$K$10&'Reg 85'!$B21),('DMR 001C TIN & TP'!$E$3:$E$10005&'DMR 001C TIN & TP'!$B$3:$B$10005&'DMR 001C TIN & TP'!$A$3:$A$10005),0),MATCH('Reg 85'!$J$11,'DMR 001C TIN & TP'!$A$2:$M$2,0))),"")} -> 0.15 | K21: {=_xlfn.IFNA((INDEX('DMR 001C TIN & TP'!$A$3:$M$10005,MATCH(('Reg 85'!$I$6:$Q$6&'Reg 85'!$I$10:$K$10&'Reg 85'!$B21),('DMR 001C TIN & TP'!$E$3:$E$10005&'DMR 001C TIN & TP'!$B$3:$B$10005&'DMR 001C TIN & TP'!$A$3:$A$10005),0),MATCH('Reg 85'!$K$11,'DMR 001C TIN & TP'!$A$2:$M$2,0))),"")} -> 0.27 | L21: =IFERROR(IF(VALUE(K21)<VALUE(J21),0,VALUE(K21)),"") -> 0.27 | M21: =IFERROR(IF(P21<VALUE(N21),"<",""),"") -> < | N21: {=_xlfn.IFNA((INDEX('DMR 001C TIN & TP'!$A$3:$M$10005,MATCH(('Reg 85'!$I$6:$Q$6&'Reg 85'!$M$10&'Reg 85'!$B21),('DMR 001C TIN & TP'!$E$3:$E$10005&'DMR 001C TIN & TP'!$B$3:$B$10005&'DMR 001C TIN & TP'!$A$3:$A$10005),0),MATCH('Reg 85'!$N$11,'DMR 001C TIN & TP'!$A$2:$M$2,0))),"")} -> 0.15 | O21: {=_xlfn.IFNA((INDEX('DMR 001C TIN & TP'!$A$3:$M$10005,MATCH(('Reg 85'!$I$6:$Q$6&'Reg 85'!$M$10&'Reg 85'!$B21),('DMR 001C TIN & TP'!$E$3:$E$10005&'DMR 001C TIN & TP'!$B$3:$B$10005&'DMR 001C TIN & TP'!$A$3:$A$10005),0),MATCH('Reg 85'!$O$11,'DMR 001C TIN & TP'!$A$2:$M$2,0))),"")} -> 0.13 | P21: =IFERROR(IF(VALUE(O21)<VALUE(N21),0,VALUE(O21)),"") -> 0 | Q21: {=IFERROR(((L21*$F21)+(P21*$G21))/($H21),"")} -> 0.11519332 | R21: {=_xlfn.IFNA((INDEX('DMR 001C TIN & TP'!$A$3:$M$10005,MATCH(('Reg 85'!$I$6:$Q$6&'Reg 85'!R$10&'Reg 85'!$B21),('DMR 001C TIN & TP'!$E$3:$E$10005&'DMR 001C TIN & TP'!$B$3:$B$10005&'DMR 001C TIN & TP'!$A$3:$A$10005),0),MATCH('Reg 85'!$O$11,'DMR 001C TIN & TP'!$A$2:$M$2,0))),"")} | S21: {=_xlfn.IFNA((INDEX('DMR 001C TIN & TP'!$A$3:$M$10005,MATCH(('Reg 85'!$I$6:$Q$6&'Reg 85'!S$10&'Reg 85'!$B21),('DMR 001C TIN & TP'!$E$3:$E$10005&'DMR 001C TIN & TP'!$B$3:$B$10005&'DMR 001C TIN & TP'!$A$3:$A$10005),0),MATCH('Reg 85'!$O$11,'DMR 001C TIN & TP'!$A$2:$M$2,0))),"")} | T21: {=_xlfn.IFNA((INDEX('DMR 001C TIN & TP'!$A$3:$M$10005,MATCH(('Reg 85'!$I$6:$Q$6&'Reg 85'!T$10&'Reg 85'!$B21),('DMR 001C TIN & TP'!$E$3:$E$10005&'DMR 001C TIN & TP'!$B$3:$B$10005&'DMR 001C TIN & TP'!$A$3:$A$10005),0),MATCH('Reg 85'!$O$11,'DMR 001C TIN & TP'!$A$2:$M$2,0))),"")} | U21: {=_xlfn.IFNA((INDEX('DMR 001C TIN & TP'!$A$3:$M$10005,MATCH(('Reg 85'!$I$6:$Q$6&'Reg 85'!U$10&'Reg 85'!$B21),('DMR 001C TIN & TP'!$E$3:$E$10005&'DMR 001C TIN & TP'!$B$3:$B$10005&'DMR 001C TIN & TP'!$A$3:$A$10005),0),MATCH('Reg 85'!$O$11,'DMR 001C TIN & TP'!$A$2:$M$2,0))),"")} | V21: {=_xlfn.IFNA((INDEX('DMR 001C TIN & TP'!$A$3:$M$10005,MATCH(('Reg 85'!$I$6:$Q$6&'Reg 85'!V$10&'Reg 85'!$B21),('DMR 001C TIN & TP'!$E$3:$E$10005&'DMR 001C TIN & TP'!$B$3:$B$10005&'DMR 001C TIN & TP'!$A$3:$A$10005),0),MATCH('Reg 85'!$O$11,'DMR 001C TIN & TP'!$A$2:$M$2,0))),"")} | W21: {=_xlfn.IFNA((INDEX('DMR 001C TIN & TP'!$A$3:$M$10005,MATCH(('Reg 85'!$I$6:$Q$6&'Reg 85'!W$10&'Reg 85'!$B21),('DMR 001C TIN & TP'!$E$3:$E$10005&'DMR 001C TIN & TP'!$B$3:$B$10005&'DMR 001C TIN & TP'!$A$3:$A$10005),0),MATCH('Reg 85'!$O$11,'DMR 001C TIN & TP'!$A$2:$M$2,0))),"")} | X21: =IFERROR(IF(AA21<VALUE(Y21),"<",""),"") | Y21: {=_xlfn.IFNA((INDEX('DMR 001C TIN & TP'!$A$3:$M$10005,MATCH(('Reg 85'!$X$6&'Reg 85'!$X$10&'Reg 85'!$B21),('DMR 001C TIN & TP'!$E$3:$E$10005&'DMR 001C TIN & TP'!$B$3:$B$10005&'DMR 001C TIN & TP'!$A$3:$A$10005),0),MATCH('Reg 85'!$Y$11,'DMR 001C TIN & TP'!$A$2:$M$2,0))),"")} -> 0.06 | Z21: {=_xlfn.IFNA((INDEX('DMR 001C TIN & TP'!$A$3:$M$10005,MATCH(('Reg 85'!$X$6&'Reg 85'!$X$10&'Reg 85'!$B21),('DMR 001C TIN & TP'!$E$3:$E$10005&'DMR 001C TIN & TP'!$B$3:$B$10005&'DMR 001C TIN & TP'!$A$3:$A$10005),0),MATCH('Reg 85'!$Z$11,'DMR 001C TIN & TP'!$A$2:$M$2,0))),"")} -> 5.13 | AA21: =IFERROR(IF(VALUE(Z21)<VALUE(Y21),0,VALUE(Z21)),"") -> 5.13 | AB21: =IFERROR(IF(AE21<VALUE(AC21),"<",""),"") | AC21: {=_xlfn.IFNA((INDEX('DMR 001C TIN & TP'!$A$3:$M$10005,MATCH(('Reg 85'!$X$6&'Reg 85'!$AB$10&'Reg 85'!$B21),('DMR 001C TIN & TP'!$E$3:$E$10005&'DMR 001C TIN & TP'!$B$3:$B$10005&'DMR 001C TIN & TP'!$A$3:$A$10005),0),MATCH('Reg 85'!$AC$11,'DMR 001C TIN & TP'!$A$2:$M$2,0))),"")} -> 0.06 | AD21: {=_xlfn.IFNA((INDEX('DMR 001C TIN & TP'!$A$3:$M$10005,MATCH(('Reg 85'!$X$6&'Reg 85'!$AB$10&'Reg 85'!$B21),('DMR 001C TIN & TP'!$E$3:$E$10005&'DMR 001C TIN & TP'!$B$3:$B$10005&'DMR 001C TIN & TP'!$A$3:$A$10005),0),MATCH('Reg 85'!$AD$11,'DMR 001C TIN & TP'!$A$2:$M$2,0))),"")} -> 5.22 | AE21: =IFERROR(IF(VALUE(AD21)<VALUE(AC21),0,VALUE(AD21)),"") -> 5.22 | AF21: =IFERROR(((AA21*$F21)+(AE21*$G21))/($H21),"") -> 5.1816022 | AG21: {=_xlfn.IFNA((INDEX('DMR 001C TIN & TP'!$A$3:$M$10005,MATCH(('Reg 85'!$X$6&'Reg 85'!AG$10&'Reg 85'!$B21),('DMR 001C TIN & TP'!$E$3:$E$10005&'DMR 001C TIN & TP'!$B$3:$B$10005&'DMR 001C TIN & TP'!$A$3:$A$10005),0),MATCH('Reg 85'!$AG$11,'DMR 001C TIN & TP'!$A$2:$M$2,0))),"")} | AH21: {=_xlfn.IFNA((INDEX('DMR 001C TIN & TP'!$A$3:$M$10005,MATCH(('Reg 85'!$X$6&'Reg 85'!AH$10&'Reg 85'!$B21),('DMR 001C TIN & TP'!$E$3:$E$10005&'DMR 001C TIN & TP'!$B$3:$B$10005&'DMR 001C TIN & TP'!$A$3:$A$10005),0),MATCH('Reg 85'!$AG$11,'DMR 001C TIN & TP'!$A$2:$M$2,0))),"")} | AI21: {=_xlfn.IFNA((INDEX('DMR 001C TIN & TP'!$A$3:$M$10005,MATCH(('Reg 85'!$X$6&'Reg 85'!AI$10&'Reg 85'!$B21),('DMR 001C TIN & TP'!$E$3:$E$10005&'DMR 001C TIN & TP'!$B$3:$B$10005&'DMR 001C TIN & TP'!$A$3:$A$10005),0),MATCH('Reg 85'!$AG$11,'DMR 001C TIN & TP'!$A$2:$M$2,0))),"")} | AJ21: {=_xlfn.IFNA((INDEX('DMR 001C TIN & TP'!$A$3:$M$10005,MATCH(('Reg 85'!$X$6&'Reg 85'!AJ$10&'Reg 85'!$B21),('DMR 001C TIN & TP'!$E$3:$E$10005&'DMR 001C TIN & TP'!$B$3:$B$10005&'DMR 001C TIN & TP'!$A$3:$A$10005),0),MATCH('Reg 85'!$AG$11,'DMR 001C TIN & TP'!$A$2:$M$2,0))),"")} | AK21: {=_xlfn.IFNA((INDEX('DMR 001C TIN & TP'!$A$3:$M$10005,MATCH(('Reg 85'!$X$6&'Reg 85'!AK$10&'Reg 85'!$B21),('DMR 001C TIN & TP'!$E$3:$E$10005&'DMR 001C TIN & TP'!$B$3:$B$10005&'DMR 001C TIN & TP'!$A$3:$A$10005),0),MATCH('Reg 85'!$AG$11,'DMR 001C TIN & TP'!$A$2:$M$2,0))),"")} | AL21: {=_xlfn.IFNA((INDEX('DMR 001C TIN & TP'!$A$3:$M$10005,MATCH(('Reg 85'!$X$6&'Reg 85'!AL$10&'Reg 85'!$B21),('DMR 001C TIN & TP'!$E$3:$E$10005&'DMR 001C TIN & TP'!$B$3:$B$10005&'DMR 001C TIN & TP'!$A$3:$A$10005),0),MATCH('Reg 85'!$AG$11,'DMR 001C TIN & TP'!$A$2:$M$2,0))),"")} | AO21: =IFERROR(Q21+AF21,"") -> 5.2967955 | AP21: =IF(COUNT(IF((#REF!<=C21)*(#REF!>=D21)*(B21=EOMONTH(B21,0)),#REF!,""))=0,"",COUNT(IF((#REF!<=C21)*(#REF!>=D21)*(B21=EOMONTH(B21,0)),#REF!,""))) | AR21: {=_xlfn.IFNA((INDEX('DMR 001C TIN & TP'!$A$3:$M$10005,MATCH(('Reg 85'!$AQ$6&'Reg 85'!$AQ$10&'Reg 85'!$B21),('DMR 001C TIN & TP'!$E$3:$E$10005&'DMR 001C TIN & TP'!$B$3:$B$10005&'DMR 001C TIN & TP'!$A$3:$A$10005),0),MATCH('Reg 85'!$AR$11,'DMR 001C TIN & TP'!$A$2:$M$2,0))),"")} | AS21: {=_xlfn.IFNA((INDEX('DMR 001C TIN & TP'!$A$3:$M$10005,MATCH(('Reg 85'!$AQ$6&'Reg 85'!$AQ$10&'Reg 85'!$B21),('DMR 001C TIN & TP'!$E$3:$E$10005&'DMR 001C TIN & TP'!$B$3:$B$10005&'DMR 001C TIN & TP'!$A$3:$A$10005),0),MATCH('Reg 85'!$AS$11,'DMR 001C TIN & TP'!$A$2:$M$2,0))),"")} | AT21: =IFERROR(IF(VALUE(AS21)<VALUE(AR21),0,VALUE(AS21)),"") | AV21: {=_xlfn.IFNA((INDEX('DMR 001C TIN & TP'!$A$3:$M$10005,MATCH(('Reg 85'!$AQ$6&'Reg 85'!$AU$10&'Reg 85'!$B21),('DMR 001C TIN & TP'!$E$3:$E$10005&'DMR 001C TIN & TP'!$B$3:$B$10005&'DMR 001C TIN & TP'!$A$3:$A$10005),0),MATCH('Reg 85'!$AV$11,'DMR 001C TIN & TP'!$A$2:$M$2,0))),"")} | AW21: {=_xlfn.IFNA((INDEX('DMR 001C TIN & TP'!$A$3:$M$10005,MATCH(('Reg 85'!$AQ$6&'Reg 85'!$AU$10&'Reg 85'!$B21),('DMR 001C TIN & TP'!$E$3:$E$10005&'DMR 001C TIN & TP'!$B$3:$B$10005&'DMR 001C TIN & TP'!$A$3:$A$10005),0),MATCH('Reg 85'!$AW$11,'DMR 001C TIN & TP'!$A$2:$M$2,0))),"")} | AX21: =IFERROR(IF(VALUE(AW21)<VALUE(AV21),0,VALUE(AW21)),"") | AY21: =IFERROR(((AT21*$F21)+(AX21*$G21))/($H21),"") | AZ21: =IF(COUNT(IF((#REF!<=C21)*(#REF!>=D21)*(B21=EOMONTH(B21,0)),#REF!,""))=0,"",COUNT(IF((#REF!<=C21)*(#REF!>=D21)*(B21=EOMONTH(B21,0)),#REF!,""))) | BA21: {=_xlfn.IFNA((INDEX('DMR 001C TIN & TP'!$A$3:$M$10005,MATCH(('Reg 85'!$AQ$6&'Reg 85'!BA$10&'Reg 85'!$B21),('DMR 001C TIN & TP'!$E$3:$E$10005&'DMR 001C TIN & TP'!$B$3:$B$10005&'DMR 001C TIN & TP'!$A$3:$A$10005),0),MATCH('Reg 85'!$AG$11,'DMR 001C TIN & TP'!$A$2:$M$2,0))),"")} | BB21: {=_xlfn.IFNA((INDEX('DMR 001C TIN & TP'!$A$3:$M$10005,MATCH(('Reg 85'!$AQ$6&'Reg 85'!BB$10&'Reg 85'!$B21),('DMR 001C TIN & TP'!$E$3:$E$10005&'DMR 001C TIN & TP'!$B$3:$B$10005&'DMR 001C TIN & TP'!$A$3:$A$10005),0),MATCH('Reg 85'!$AG$11,'DMR 001C TIN & TP'!$A$2:$M$2,0))),"")} | BC21: {=_xlfn.IFNA((INDEX('DMR 001C TIN & TP'!$A$3:$M$10005,MATCH(('Reg 85'!$AQ$6&'Reg 85'!BC$10&'Reg 85'!$B21),('DMR 001C TIN & TP'!$E$3:$E$10005&'DMR 001C TIN & TP'!$B$3:$B$10005&'DMR 001C TIN & TP'!$A$3:$A$10005),0),MATCH('Reg 85'!$AG$11,'DMR 001C TIN & TP'!$A$2:$M$2,0))),"")} | BD21: {=_xlfn.IFNA((INDEX('DMR 001C TIN & TP'!$A$3:$M$10005,MATCH(('Reg 85'!$AQ$6&'Reg 85'!BD$10&'Reg 85'!$B21),('DMR 001C TIN & TP'!$E$3:$E$10005&'DMR 001C TIN & TP'!$B$3:$B$10005&'DMR 001C TIN & TP'!$A$3:$A$10005),0),MATCH('Reg 85'!$AG$11,'DMR 001C TIN & TP'!$A$2:$M$2,0))),"")} | BE21: {=_xlfn.IFNA((INDEX('DMR 001C TIN & TP'!$A$3:$M$10005,MATCH(('Reg 85'!$AQ$6&'Reg 85'!BE$10&'Reg 85'!$B21),('DMR 001C TIN & TP'!$E$3:$E$10005&'DMR 001C TIN & TP'!$B$3:$B$10005&'DMR 001C TIN & TP'!$A$3:$A$10005),0),MATCH('Reg 85'!$AG$11,'DMR 001C TIN & TP'!$A$2:$M$2,0))),"")} | BF21: {=_xlfn.IFNA((INDEX('DMR 001C TIN & TP'!$A$3:$M$10005,MATCH(('Reg 85'!$AQ$6&'Reg 85'!BF$10&'Reg 85'!$B21),('DMR 001C TIN & TP'!$E$3:$E$10005&'DMR 001C TIN & TP'!$B$3:$B$10005&'DMR 001C TIN & TP'!$A$3:$A$10005),0),MATCH('Reg 85'!$AG$11,'DMR 001C TIN & TP'!$A$2:$M$2,0))),"")}
A22: =TEXT(B22,"ddd") -> Tue | B22: =B21+1 -> 43354 | C22: =EOMONTH(B22,0) -> 43373 | D22: =EOMONTH(B22,-1)+1 -> 43344 | E22: =DAY(EOMONTH(B22,0)) -> 30 | F22: {=_xlfn.IFNA(INDEX('DMR Flows-Effluent'!$A$3:$F$9999,MATCH(($F$10&$B22),('DMR Flows-Effluent'!$B$3:$B$9999&'DMR Flows-Effluent'!$A$3:$A$9999),0),MATCH($F$8,'DMR Flows-Effluent'!$A$2:$F$2,0)),"")} -> 51.782 | G22: {=_xlfn.IFNA(INDEX('DMR Flows-Effluent'!$A$3:$F$9999,MATCH(($G$10&$B22),('DMR Flows-Effluent'!$B$3:$B$9999&'DMR Flows-Effluent'!$A$3:$A$9999),0),MATCH($F$8,'DMR Flows-Effluent'!$A$2:$F$2,0)),"")} -> 70.388 | H22: =SUM(F22:G22) -> 122.17 | I22: =IFERROR(IF(L22<VALUE(J22),"<",""),"") | J22: {=_xlfn.IFNA((INDEX('DMR 001C TIN & TP'!$A$3:$M$10005,MATCH(('Reg 85'!$I$6:$Q$6&'Reg 85'!$I$10:$K$10&'Reg 85'!$B22),('DMR 001C TIN & TP'!$E$3:$E$10005&'DMR 001C TIN & TP'!$B$3:$B$10005&'DMR 001C TIN & TP'!$A$3:$A$10005),0),MATCH('Reg 85'!$J$11,'DMR 001C TIN & TP'!$A$2:$M$2,0))),"")} -> 0.15 | K22: {=_xlfn.IFNA((INDEX('DMR 001C TIN & TP'!$A$3:$M$10005,MATCH(('Reg 85'!$I$6:$Q$6&'Reg 85'!$I$10:$K$10&'Reg 85'!$B22),('DMR 001C TIN & TP'!$E$3:$E$10005&'DMR 001C TIN & TP'!$B$3:$B$10005&'DMR 001C TIN & TP'!$A$3:$A$10005),0),MATCH('Reg 85'!$K$11,'DMR 001C TIN & TP'!$A$2:$M$2,0))),"")} -> 0.34 | L22: =IFERROR(IF(VALUE(K22)<VALUE(J22),0,VALUE(K22)),"") -> 0.34 | M22: =IFERROR(IF(P22<VALUE(N22),"<",""),"") -> < | N22: {=_xlfn.IFNA((INDEX('DMR 001C TIN & TP'!$A$3:$M$10005,MATCH(('Reg 85'!$I$6:$Q$6&'Reg 85'!$M$10&'Reg 85'!$B22),('DMR 001C TIN & TP'!$E$3:$E$10005&'DMR 001C TIN & TP'!$B$3:$B$10005&'DMR 001C TIN & TP'!$A$3:$A$10005),0),MATCH('Reg 85'!$N$11,'DMR 001C TIN & TP'!$A$2:$M$2,0))),"")} -> 0.15 | O22: {=_xlfn.IFNA((INDEX('DMR 001C TIN & TP'!$A$3:$M$10005,MATCH(('Reg 85'!$I$6:$Q$6&'Reg 85'!$M$10&'Reg 85'!$B22),('DMR 001C TIN & TP'!$E$3:$E$10005&'DMR 001C TIN & TP'!$B$3:$B$10005&'DMR 001C TIN & TP'!$A$3:$A$10005),0),MATCH('Reg 85'!$O$11,'DMR 001C TIN & TP'!$A$2:$M$2,0))),"")} -> 0.12 | P22: =IFERROR(IF(VALUE(O22)<VALUE(N22),0,VALUE(O22)),"") -> 0 | Q22: {=IFERROR(((L22*$F22)+(P22*$G22))/($H22),"")} -> 0.14410968 | R22: {=_xlfn.IFNA((INDEX('DMR 001C TIN & TP'!$A$3:$M$10005,MATCH(('Reg 85'!$I$6:$Q$6&'Reg 85'!R$10&'Reg 85'!$B22),('DMR 001C TIN & TP'!$E$3:$E$10005&'DMR 001C TIN & TP'!$B$3:$B$10005&'DMR 001C TIN & TP'!$A$3:$A$10005),0),MATCH('Reg 85'!$O$11,'DMR 001C TIN & TP'!$A$2:$M$2,0))),"")} | S22: {=_xlfn.IFNA((INDEX('DMR 001C TIN & TP'!$A$3:$M$10005,MATCH(('Reg 85'!$I$6:$Q$6&'Reg 85'!S$10&'Reg 85'!$B22),('DMR 001C TIN & TP'!$E$3:$E$10005&'DMR 001C TIN & TP'!$B$3:$B$10005&'DMR 001C TIN & TP'!$A$3:$A$10005),0),MATCH('Reg 85'!$O$11,'DMR 001C TIN & TP'!$A$2:$M$2,0))),"")} | T22: {=_xlfn.IFNA((INDEX('DMR 001C TIN & TP'!$A$3:$M$10005,MATCH(('Reg 85'!$I$6:$Q$6&'Reg 85'!T$10&'Reg 85'!$B22),('DMR 001C TIN & TP'!$E$3:$E$10005&'DMR 001C TIN & TP'!$B$3:$B$10005&'DMR 001C TIN & TP'!$A$3:$A$10005),0),MATCH('Reg 85'!$O$11,'DMR 001C TIN & TP'!$A$2:$M$2,0))),"")} | U22: {=_xlfn.IFNA((INDEX('DMR 001C TIN & TP'!$A$3:$M$10005,MATCH(('Reg 85'!$I$6:$Q$6&'Reg 85'!U$10&'Reg 85'!$B22),('DMR 001C TIN & TP'!$E$3:$E$10005&'DMR 001C TIN & TP'!$B$3:$B$10005&'DMR 001C TIN & TP'!$A$3:$A$10005),0),MATCH('Reg 85'!$O$11,'DMR 001C TIN & TP'!$A$2:$M$2,0))),"")} | V22: {=_xlfn.IFNA((INDEX('DMR 001C TIN & TP'!$A$3:$M$10005,MATCH(('Reg 85'!$I$6:$Q$6&'Reg 85'!V$10&'Reg 85'!$B22),('DMR 001C TIN & TP'!$E$3:$E$10005&'DMR 001C TIN & TP'!$B$3:$B$10005&'DMR 001C TIN & TP'!$A$3:$A$10005),0),MATCH('Reg 85'!$O$11,'DMR 001C TIN & TP'!$A$2:$M$2,0))),"")} | W22: {=_xlfn.IFNA((INDEX('DMR 001C TIN & TP'!$A$3:$M$10005,MATCH(('Reg 85'!$I$6:$Q$6&'Reg 85'!W$10&'Reg 85'!$B22),('DMR 001C TIN & TP'!$E$3:$E$10005&'DMR 001C TIN & TP'!$B$3:$B$10005&'DMR 001C TIN & TP'!$A$3:$A$10005),0),MATCH('Reg 85'!$O$11,'DMR 001C TIN & TP'!$A$2:$M$2,0))),"")} | X22: =IFERROR(IF(AA22<VALUE(Y22),"<",""),"") | Y22: {=_xlfn.IFNA((INDEX('DMR 001C TIN & TP'!$A$3:$M$10005,MATCH(('Reg 85'!$X$6&'Reg 85'!$X$10&'Reg 85'!$B22),('DMR 001C TIN & TP'!$E$3:$E$10005&'DMR 001C TIN & TP'!$B$3:$B$10005&'DMR 001C TIN & TP'!$A$3:$A$10005),0),MATCH('Reg 85'!$Y$11,'DMR 001C TIN & TP'!$A$2:$M$2,0))),"")} -> 0.06 | Z22: {=_xlfn.IFNA((INDEX('DMR 001C TIN & TP'!$A$3:$M$10005,MATCH(('Reg 85'!$X$6&'Reg 85'!$X$10&'Reg 85'!$B22),('DMR 001C TIN & TP'!$E$3:$E$10005&'DMR 001C TIN & TP'!$B$3:$B$10005&'DMR 001C TIN & TP'!$A$3:$A$10005),0),MATCH('Reg 85'!$Z$11,'DMR 001C TIN & TP'!$A$2:$M$2,0))),"")} -> 5.11 | AA22: =IFERROR(IF(VALUE(Z22)<VALUE(Y22),0,VALUE(Z22)),"") -> 5.11 | AB22: =IFERROR(IF(AE22<VALUE(AC22),"<",""),"") | AC22: {=_xlfn.IFNA((INDEX('DMR 001C TIN & TP'!$A$3:$M$10005,MATCH(('Reg 85'!$X$6&'Reg 85'!$AB$10&'Reg 85'!$B22),('DMR 001C TIN & TP'!$E$3:$E$10005&'DMR 001C TIN & TP'!$B$3:$B$10005&'DMR 001C TIN & TP'!$A$3:$A$10005),0),MATCH('Reg 85'!$AC$11,'DMR 001C TIN & TP'!$A$2:$M$2,0))),"")} -> 0.06 | AD22: {=_xlfn.IFNA((INDEX('DMR 001C TIN & TP'!$A$3:$M$10005,MATCH(('Reg 85'!$X$6&'Reg 85'!$AB$10&'Reg 85'!$B22),('DMR 001C TIN & TP'!$E$3:$E$10005&'DMR 001C TIN & TP'!$B$3:$B$10005&'DMR 001C TIN & TP'!$A$3:$A$10005),0),MATCH('Reg 85'!$AD$11,'DMR 001C TIN & TP'!$A$2:$M$2,0))),"")} -> 5.16 | AE22: =IFERROR(IF(VALUE(AD22)<VALUE(AC22),0,VALUE(AD22)),"") -> 5.16 | AF22: =IFERROR(((AA22*$F22)+(AE22*$G22))/($H22),"") -> 5.1388074 | AG22: {=_xlfn.IFNA((INDEX('DMR 001C TIN & TP'!$A$3:$M$10005,MATCH(('Reg 85'!$X$6&'Reg 85'!AG$10&'Reg 85'!$B22),('DMR 001C TIN & TP'!$E$3:$E$10005&'DMR 001C TIN & TP'!$B$3:$B$10005&'DMR 001C TIN & TP'!$A$3:$A$10005),0),MATCH('Reg 85'!$AG$11,'DMR 001C TIN & TP'!$A$2:$M$2,0))),"")} | AH22: {=_xlfn.IFNA((INDEX('DMR 001C TIN & TP'!$A$3:$M$10005,MATCH(('Reg 85'!$X$6&'Reg 85'!AH$10&'Reg 85'!$B22),('DMR 001C TIN & TP'!$E$3:$E$10005&'DMR 001C TIN & TP'!$B$3:$B$10005&'DMR 001C TIN & TP'!$A$3:$A$10005),0),MATCH('Reg 85'!$AG$11,'DMR 001C TIN & TP'!$A$2:$M$2,0))),"")} | AI22: {=_xlfn.IFNA((INDEX('DMR 001C TIN & TP'!$A$3:$M$10005,MATCH(('Reg 85'!$X$6&'Reg 85'!AI$10&'Reg 85'!$B22),('DMR 001C TIN & TP'!$E$3:$E$10005&'DMR 001C TIN & TP'!$B$3:$B$10005&'DMR 001C TIN & TP'!$A$3:$A$10005),0),MATCH('Reg 85'!$AG$11,'DMR 001C TIN & TP'!$A$2:$M$2,0))),"")} | AJ22: {=_xlfn.IFNA((INDEX('DMR 001C TIN & TP'!$A$3:$M$10005,MATCH(('Reg 85'!$X$6&'Reg 85'!AJ$10&'Reg 85'!$B22),('DMR 001C TIN & TP'!$E$3:$E$10005&'DMR 001C TIN & TP'!$B$3:$B$10005&'DMR 001C TIN & TP'!$A$3:$A$10005),0),MATCH('Reg 85'!$AG$11,'DMR 001C TIN & TP'!$A$2:$M$2,0))),"")} | AK22: {=_xlfn.IFNA((INDEX('DMR 001C TIN & TP'!$A$3:$M$10005,MATCH(('Reg 85'!$X$6&'Reg 85'!AK$10&'Reg 85'!$B22),('DMR 001C TIN & TP'!$E$3:$E$10005&'DMR 001C TIN & TP'!$B$3:$B$10005&'DMR 001C TIN & TP'!$A$3:$A$10005),0),MATCH('Reg 85'!$AG$11,'DMR 001C TIN & TP'!$A$2:$M$2,0))),"")} | AL22: {=_xlfn.IFNA((INDEX('DMR 001C TIN & TP'!$A$3:$M$10005,MATCH(('Reg 85'!$X$6&'Reg 85'!AL$10&'Reg 85'!$B22),('DMR 001C TIN & TP'!$E$3:$E$10005&'DMR 001C TIN & TP'!$B$3:$B$10005&'DMR 001C TIN & TP'!$A$3:$A$10005),0),MATCH('Reg 85'!$AG$11,'DMR 001C TIN & TP'!$A$2:$M$2,0))),"")} | AO22: =IFERROR(Q22+AF22,"") -> 5.2829171 | AP22: =IF(COUNT(IF((#REF!<=C22)*(#REF!>=D22)*(B22=EOMONTH(B22,0)),#REF!,""))=0,"",COUNT(IF((#REF!<=C22)*(#REF!>=D22)*(B22=EOMONTH(B22,0)),#REF!,""))) | AR22: {=_xlfn.IFNA((INDEX('DMR 001C TIN & TP'!$A$3:$M$10005,MATCH(('Reg 85'!$AQ$6&'Reg 85'!$AQ$10&'Reg 85'!$B22),('DMR 001C TIN & TP'!$E$3:$E$10005&'DMR 001C TIN & TP'!$B$3:$B$10005&'DMR 001C TIN & TP'!$A$3:$A$10005),0),MATCH('Reg 85'!$AR$11,'DMR 001C TIN & TP'!$A$2:$M$2,0))),"")} | AS22: {=_xlfn.IFNA((INDEX('DMR 001C TIN & TP'!$A$3:$M$10005,MATCH(('Reg 85'!$AQ$6&'Reg 85'!$AQ$10&'Reg 85'!$B22),('DMR 001C TIN & TP'!$E$3:$E$10005&'DMR 001C TIN & TP'!$B$3:$B$10005&'DMR 001C TIN & TP'!$A$3:$A$10005),0),MATCH('Reg 85'!$AS$11,'DMR 001C TIN & TP'!$A$2:$M$2,0))),"")} | AT22: =IFERROR(IF(VALUE(AS22)<VALUE(AR22),0,VALUE(AS22)),"") | AV22: {=_xlfn.IFNA((INDEX('DMR 001C TIN & TP'!$A$3:$M$10005,MATCH(('Reg 85'!$AQ$6&'Reg 85'!$AU$10&'Reg 85'!$B22),('DMR 001C TIN & TP'!$E$3:$E$10005&'DMR 001C TIN & TP'!$B$3:$B$10005&'DMR 001C TIN & TP'!$A$3:$A$10005),0),MATCH('Reg 85'!$AV$11,'DMR 001C TIN & TP'!$A$2:$M$2,0))),"")} | AW22: {=_xlfn.IFNA((INDEX('DMR 001C TIN & TP'!$A$3:$M$10005,MATCH(('Reg 85'!$AQ$6&'Reg 85'!$AU$10&'Reg 85'!$B22),('DMR 001C TIN & TP'!$E$3:$E$10005&'DMR 001C TIN & TP'!$B$3:$B$10005&'DMR 001C TIN & TP'!$A$3:$A$10005),0),MATCH('Reg 85'!$AW$11,'DMR 001C TIN & TP'!$A$2:$M$2,0))),"")} | AX22: =IFERROR(IF(VALUE(AW22)<VALUE(AV22),0,VALUE(AW22)),"") | AY22: =IFERROR(((AT22*$F22)+(AX22*$G22))/($H22),"") | AZ22: =IF(COUNT(IF((#REF!<=C22)*(#REF!>=D22)*(B22=EOMONTH(B22,0)),#REF!,""))=0,"",COUNT(IF((#REF!<=C22)*(#REF!>=D22)*(B22=EOMONTH(B22,0)),#REF!,""))) | BA22: {=_xlfn.IFNA((INDEX('DMR 001C TIN & TP'!$A$3:$M$10005,MATCH(('Reg 85'!$AQ$6&'Reg 85'!BA$10&'Reg 85'!$B22),('DMR 001C TIN & TP'!$E$3:$E$10005&'DMR 001C TIN & TP'!$B$3:$B$10005&'DMR 001C TIN & TP'!$A$3:$A$10005),0),MATCH('Reg 85'!$AG$11,'DMR 001C TIN & TP'!$A$2:$M$2,0))),"")} | BB22: {=_xlfn.IFNA((INDEX('DMR 001C TIN & TP'!$A$3:$M$10005,MATCH(('Reg 85'!$AQ$6&'Reg 85'!BB$10&'Reg 85'!$B22),('DMR 001C TIN & TP'!$E$3:$E$10005&'DMR 001C TIN & TP'!$B$3:$B$10005&'DMR 001C TIN & TP'!$A$3:$A$10005),0),MATCH('Reg 85'!$AG$11,'DMR 001C TIN & TP'!$A$2:$M$2,0))),"")} | BC22: {=_xlfn.IFNA((INDEX('DMR 001C TIN & TP'!$A$3:$M$10005,MATCH(('Reg 85'!$AQ$6&'Reg 85'!BC$10&'Reg 85'!$B22),('DMR 001C TIN & TP'!$E$3:$E$10005&'DMR 001C TIN & TP'!$B$3:$B$10005&'DMR 001C TIN & TP'!$A$3:$A$10005),0),MATCH('Reg 85'!$AG$11,'DMR 001C TIN & TP'!$A$2:$M$2,0))),"")} | BD22: {=_xlfn.IFNA((INDEX('DMR 001C TIN & TP'!$A$3:$M$10005,MATCH(('Reg 85'!$AQ$6&'Reg 85'!BD$10&'Reg 85'!$B22),('DMR 001C TIN & TP'!$E$3:$E$10005&'DMR 001C TIN & TP'!$B$3:$B$10005&'DMR 001C TIN & TP'!$A$3:$A$10005),0),MATCH('Reg 85'!$AG$11,'DMR 001C TIN & TP'!$A$2:$M$2,0))),"")} | BE22: {=_xlfn.IFNA((INDEX('DMR 001C TIN & TP'!$A$3:$M$10005,MATCH(('Reg 85'!$AQ$6&'Reg 85'!BE$10&'Reg 85'!$B22),('DMR 001C TIN & TP'!$E$3:$E$10005&'DMR 001C TIN & TP'!$B$3:$B$10005&'DMR 001C TIN & TP'!$A$3:$A$10005),0),MATCH('Reg 85'!$AG$11,'DMR 001C TIN & TP'!$A$2:$M$2,0))),"")} | BF22: {=_xlfn.IFNA((INDEX('DMR 001C TIN & TP'!$A$3:$M$10005,MATCH(('Reg 85'!$AQ$6&'Reg 85'!BF$10&'Reg 85'!$B22),('DMR 001C TIN & TP'!$E$3:$E$10005&'DMR 001C TIN & TP'!$B$3:$B$10005&'DMR 001C TIN & TP'!$A$3:$A$10005),0),MATCH('Reg 85'!$AG$11,'DMR 001C TIN & TP'!$A$2:$M$2,0))),"")}
A23: =TEXT(B23,"ddd") -> Wed | B23: =B22+1 -> 43355 | C23: =EOMONTH(B23,0) -> 43373 | D23: =EOMONTH(B23,-1)+1 -> 43344 | E23: =DAY(EOMONTH(B23,0)) -> 30 | F23: {=_xlfn.IFNA(INDEX('DMR Flows-Effluent'!$A$3:$F$9999,MATCH(($F$10&$B23),('DMR Flows-Effluent'!$B$3:$B$9999&'DMR Flows-Effluent'!$A$3:$A$9999),0),MATCH($F$8,'DMR Flows-Effluent'!$A$2:$F$2,0)),"")} -> 51.2277 | G23: {=_xlfn.IFNA(INDEX('DMR Flows-Effluent'!$A$3:$F$9999,MATCH(($G$10&$B23),('DMR Flows-Effluent'!$B$3:$B$9999&'DMR Flows-Effluent'!$A$3:$A$9999),0),MATCH($F$8,'DMR Flows-Effluent'!$A$2:$F$2,0)),"")} -> 70.7045 | H23: =SUM(F23:G23) -> 121.9322 | I23: =IFERROR(IF(L23<VALUE(J23),"<",""),"") | J23: {=_xlfn.IFNA((INDEX('DMR 001C TIN & TP'!$A$3:$M$10005,MATCH(('Reg 85'!$I$6:$Q$6&'Reg 85'!$I$10:$K$10&'Reg 85'!$B23),('DMR 001C TIN & TP'!$E$3:$E$10005&'DMR 001C TIN & TP'!$B$3:$B$10005&'DMR 001C TIN & TP'!$A$3:$A$10005),0),MATCH('Reg 85'!$J$11,'DMR 001C TIN & TP'!$A$2:$M$2,0))),"")} -> 0.15 | K23: {=_xlfn.IFNA((INDEX('DMR 001C TIN & TP'!$A$3:$M$10005,MATCH(('Reg 85'!$I$6:$Q$6&'Reg 85'!$I$10:$K$10&'Reg 85'!$B23),('DMR 001C TIN & TP'!$E$3:$E$10005&'DMR 001C TIN & TP'!$B$3:$B$10005&'DMR 001C TIN & TP'!$A$3:$A$10005),0),MATCH('Reg 85'!$K$11,'DMR 001C TIN & TP'!$A$2:$M$2,0))),"")} -> 0.33 | L23: =IFERROR(IF(VALUE(K23)<VALUE(J23),0,VALUE(K23)),"") -> 0.33 | M23: =IFERROR(IF(P23<VALUE(N23),"<",""),"") -> < | N23: {=_xlfn.IFNA((INDEX('DMR 001C TIN & TP'!$A$3:$M$10005,MATCH(('Reg 85'!$I$6:$Q$6&'Reg 85'!$M$10&'Reg 85'!$B23),('DMR 001C TIN & TP'!$E$3:$E$10005&'DMR 001C TIN & TP'!$B$3:$B$10005&'DMR 001C TIN & TP'!$A$3:$A$10005),0),MATCH('Reg 85'!$N$11,'DMR 001C TIN & TP'!$A$2:$M$2,0))),"")} -> 0.15 | O23: {=_xlfn.IFNA((INDEX('DMR 001C TIN & TP'!$A$3:$M$10005,MATCH(('Reg 85'!$I$6:$Q$6&'Reg 85'!$M$10&'Reg 85'!$B23),('DMR 001C TIN & TP'!$E$3:$E$10005&'DMR 001C TIN & TP'!$B$3:$B$10005&'DMR 001C TIN & TP'!$A$3:$A$10005),0),MATCH('Reg 85'!$O$11,'DMR 001C TIN & TP'!$A$2:$M$2,0))),"")} -> 0.11 | P23: =IFERROR(IF(VALUE(O23)<VALUE(N23),0,VALUE(O23)),"") -> 0 | Q23: {=IFERROR(((L23*$F23)+(P23*$G23))/($H23),"")} -> 0.13864378 | R23: {=_xlfn.IFNA((INDEX('DMR 001C TIN & TP'!$A$3:$M$10005,MATCH(('Reg 85'!$I$6:$Q$6&'Reg 85'!R$10&'Reg 85'!$B23),('DMR 001C TIN & TP'!$E$3:$E$10005&'DMR 001C TIN & TP'!$B$3:$B$10005&'DMR 001C TIN & TP'!$A$3:$A$10005),0),MATCH('Reg 85'!$O$11,'DMR 001C TIN & TP'!$A$2:$M$2,0))),"")} | S23: {=_xlfn.IFNA((INDEX('DMR 001C TIN & TP'!$A$3:$M$10005,MATCH(('Reg 85'!$I$6:$Q$6&'Reg 85'!S$10&'Reg 85'!$B23),('DMR 001C TIN & TP'!$E$3:$E$10005&'DMR 001C TIN & TP'!$B$3:$B$10005&'DMR 001C TIN & TP'!$A$3:$A$10005),0),MATCH('Reg 85'!$O$11,'DMR 001C TIN & TP'!$A$2:$M$2,0))),"")} | T23: {=_xlfn.IFNA((INDEX('DMR 001C TIN & TP'!$A$3:$M$10005,MATCH(('Reg 85'!$I$6:$Q$6&'Reg 85'!T$10&'Reg 85'!$B23),('DMR 001C TIN & TP'!$E$3:$E$10005&'DMR 001C TIN & TP'!$B$3:$B$10005&'DMR 001C TIN & TP'!$A$3:$A$10005),0),MATCH('Reg 85'!$O$11,'DMR 001C TIN & TP'!$A$2:$M$2,0))),"")} | U23: {=_xlfn.IFNA((INDEX('DMR 001C TIN & TP'!$A$3:$M$10005,MATCH(('Reg 85'!$I$6:$Q$6&'Reg 85'!U$10&'Reg 85'!$B23),('DMR 001C TIN & TP'!$E$3:$E$10005&'DMR 001C TIN & TP'!$B$3:$B$10005&'DMR 001C TIN & TP'!$A$3:$A$10005),0),MATCH('Reg 85'!$O$11,'DMR 001C TIN & TP'!$A$2:$M$2,0))),"")} | V23: {=_xlfn.IFNA((INDEX('DMR 001C TIN & TP'!$A$3:$M$10005,MATCH(('Reg 85'!$I$6:$Q$6&'Reg 85'!V$10&'Reg 85'!$B23),('DMR 001C TIN & TP'!$E$3:$E$10005&'DMR 001C TIN & TP'!$B$3:$B$10005&'DMR 001C TIN & TP'!$A$3:$A$10005),0),MATCH('Reg 85'!$O$11,'DMR 001C TIN & TP'!$A$2:$M$2,0))),"")} | W23: {=_xlfn.IFNA((INDEX('DMR 001C TIN & TP'!$A$3:$M$10005,MATCH(('Reg 85'!$I$6:$Q$6&'Reg 85'!W$10&'Reg 85'!$B23),('DMR 001C TIN & TP'!$E$3:$E$10005&'DMR 001C TIN & TP'!$B$3:$B$10005&'DMR 001C TIN & TP'!$A$3:$A$10005),0),MATCH('Reg 85'!$O$11,'DMR 001C TIN & TP'!$A$2:$M$2,0))),"")} | X23: =IFERROR(IF(AA23<VALUE(Y23),"<",""),"") | Y23: {=_xlfn.IFNA((INDEX('DMR 001C TIN & TP'!$A$3:$M$10005,MATCH(('Reg 85'!$X$6&'Reg 85'!$X$10&'Reg 85'!$B23),('DMR 001C TIN & TP'!$E$3:$E$10005&'DMR 001C TIN & TP'!$B$3:$B$10005&'DMR 001C TIN & TP'!$A$3:$A$10005),0),MATCH('Reg 85'!$Y$11,'DMR 001C TIN & TP'!$A$2:$M$2,0))),"")} -> 0.06 | Z23: {=_xlfn.IFNA((INDEX('DMR 001C TIN & TP'!$A$3:$M$10005,MATCH(('Reg 85'!$X$6&'Reg 85'!$X$10&'Reg 85'!$B23),('DMR 001C TIN & TP'!$E$3:$E$10005&'DMR 001C TIN & TP'!$B$3:$B$10005&'DMR 001C TIN & TP'!$A$3:$A$10005),0),MATCH('Reg 85'!$Z$11,'DMR 001C TIN & TP'!$A$2:$M$2,0))),"")} -> 5.05 | AA23: =IFERROR(IF(VALUE(Z23)<VALUE(Y23),0,VALUE(Z23)),"") -> 5.05 | AB23: =IFERROR(IF(AE23<VALUE(AC23),"<",""),"") | AC23: {=_xlfn.IFNA((INDEX('DMR 001C TIN & TP'!$A$3:$M$10005,MATCH(('Reg 85'!$X$6&'Reg 85'!$AB$10&'Reg 85'!$B23),('DMR 001C TIN & TP'!$E$3:$E$10005&'DMR 001C TIN & TP'!$B$3:$B$10005&'DMR 001C TIN & TP'!$A$3:$A$10005),0),MATCH('Reg 85'!$AC$11,'DMR 001C TIN & TP'!$A$2:$M$2,0))),"")} -> 0.06 | AD23: {=_xlfn.IFNA((INDEX('DMR 001C TIN & TP'!$A$3:$M$10005,MATCH(('Reg 85'!$X$6&'Reg 85'!$AB$10&'Reg 85'!$B23),('DMR 001C TIN & TP'!$E$3:$E$10005&'DMR 001C TIN & TP'!$B$3:$B$10005&'DMR 001C TIN & TP'!$A$3:$A$10005),0),MATCH('Reg 85'!$AD$11,'DMR 001C TIN & TP'!$A$2:$M$2,0))),"")} -> 5.63 | AE23: =IFERROR(IF(VALUE(AD23)<VALUE(AC23),0,VALUE(AD23)),"") -> 5.63 | AF23: =IFERROR(((AA23*$F23)+(AE23*$G23))/($H23),"") -> 5.3863231 | AG23: {=_xlfn.IFNA((INDEX('DMR 001C TIN & TP'!$A$3:$M$10005,MATCH(('Reg 85'!$X$6&'Reg 85'!AG$10&'Reg 85'!$B23),('DMR 001C TIN & TP'!$E$3:$E$10005&'DMR 001C TIN & TP'!$B$3:$B$10005&'DMR 001C TIN & TP'!$A$3:$A$10005),0),MATCH('Reg 85'!$AG$11,'DMR 001C TIN & TP'!$A$2:$M$2,0))),"")} | AH23: {=_xlfn.IFNA((INDEX('DMR 001C TIN & TP'!$A$3:$M$10005,MATCH(('Reg 85'!$X$6&'Reg 85'!AH$10&'Reg 85'!$B23),('DMR 001C TIN & TP'!$E$3:$E$10005&'DMR 001C TIN & TP'!$B$3:$B$10005&'DMR 001C TIN & TP'!$A$3:$A$10005),0),MATCH('Reg 85'!$AG$11,'DMR 001C TIN & TP'!$A$2:$M$2,0))),"")} | AI23: {=_xlfn.IFNA((INDEX('DMR 001C TIN & TP'!$A$3:$M$10005,MATCH(('Reg 85'!$X$6&'Reg 85'!AI$10&'Reg 85'!$B23),('DMR 001C TIN & TP'!$E$3:$E$10005&'DMR 001C TIN & TP'!$B$3:$B$10005&'DMR 001C TIN & TP'!$A$3:$A$10005),0),MATCH('Reg 85'!$AG$11,'DMR 001C TIN & TP'!$A$2:$M$2,0))),"")} | AJ23: {=_xlfn.IFNA((INDEX('DMR 001C TIN & TP'!$A$3:$M$10005,MATCH(('Reg 85'!$X$6&'Reg 85'!AJ$10&'Reg 85'!$B23),('DMR 001C TIN & TP'!$E$3:$E$10005&'DMR 001C TIN & TP'!$B$3:$B$10005&'DMR 001C TIN & TP'!$A$3:$A$10005),0),MATCH('Reg 85'!$AG$11,'DMR 001C TIN & TP'!$A$2:$M$2,0))),"")} | AK23: {=_xlfn.IFNA((INDEX('DMR 001C TIN & TP'!$A$3:$M$10005,MATCH(('Reg 85'!$X$6&'Reg 85'!AK$10&'Reg 85'!$B23),('DMR 001C TIN & TP'!$E$3:$E$10005&'DMR 001C TIN & TP'!$B$3:$B$10005&'DMR 001C TIN & TP'!$A$3:$A$10005),0),MATCH('Reg 85'!$AG$11,'DMR 001C TIN & TP'!$A$2:$M$2,0))),"")} | AL23: {=_xlfn.IFNA((INDEX('DMR 001C TIN & TP'!$A$3:$M$10005,MATCH(('Reg 85'!$X$6&'Reg 85'!AL$10&'Reg 85'!$B23),('DMR 001C TIN & TP'!$E$3:$E$10005&'DMR 001C TIN & TP'!$B$3:$B$10005&'DMR 001C TIN & TP'!$A$3:$A$10005),0),MATCH('Reg 85'!$AG$11,'DMR 001C TIN & TP'!$A$2:$M$2,0))),"")} | AO23: =IFERROR(Q23+AF23,"") -> 5.5249668 | AP23: =IF(COUNT(IF((#REF!<=C23)*(#REF!>=D23)*(B23=EOMONTH(B23,0)),#REF!,""))=0,"",COUNT(IF((#REF!<=C23)*(#REF!>=D23)*(B23=EOMONTH(B23,0)),#REF!,""))) | AR23: {=_xlfn.IFNA((INDEX('DMR 001C TIN & TP'!$A$3:$M$10005,MATCH(('Reg 85'!$AQ$6&'Reg 85'!$AQ$10&'Reg 85'!$B23),('DMR 001C TIN & TP'!$E$3:$E$10005&'DMR 001C TIN & TP'!$B$3:$B$10005&'DMR 001C TIN & TP'!$A$3:$A$10005),0),MATCH('Reg 85'!$AR$11,'DMR 001C TIN & TP'!$A$2:$M$2,0))),"")} | AS23: {=_xlfn.IFNA((INDEX('DMR 001C TIN & TP'!$A$3:$M$10005,MATCH(('Reg 85'!$AQ$6&'Reg 85'!$AQ$10&'Reg 85'!$B23),('DMR 001C TIN & TP'!$E$3:$E$10005&'DMR 001C TIN & TP'!$B$3:$B$10005&'DMR 001C TIN & TP'!$A$3:$A$10005),0),MATCH('Reg 85'!$AS$11,'DMR 001C TIN & TP'!$A$2:$M$2,0))),"")} | AT23: =IFERROR(IF(VALUE(AS23)<VALUE(AR23),0,VALUE(AS23)),"") | AV23: {=_xlfn.IFNA((INDEX('DMR 001C TIN & TP'!$A$3:$M$10005,MATCH(('Reg 85'!$AQ$6&'Reg 85'!$AU$10&'Reg 85'!$B23),('DMR 001C TIN & TP'!$E$3:$E$10005&'DMR 001C TIN & TP'!$B$3:$B$10005&'DMR 001C TIN & TP'!$A$3:$A$10005),0),MATCH('Reg 85'!$AV$11,'DMR 001C TIN & TP'!$A$2:$M$2,0))),"")} | AW23: {=_xlfn.IFNA((INDEX('DMR 001C TIN & TP'!$A$3:$M$10005,MATCH(('Reg 85'!$AQ$6&'Reg 85'!$AU$10&'Reg 85'!$B23),('DMR 001C TIN & TP'!$E$3:$E$10005&'DMR 001C TIN & TP'!$B$3:$B$10005&'DMR 001C TIN & TP'!$A$3:$A$10005),0),MATCH('Reg 85'!$AW$11,'DMR 001C TIN & TP'!$A$2:$M$2,0))),"")} | AX23: =IFERROR(IF(VALUE(AW23)<VALUE(AV23),0,VALUE(AW23)),"") | AY23: =IFERROR(((AT23*$F23)+(AX23*$G23))/($H23),"") | AZ23: =IF(COUNT(IF((#REF!<=C23)*(#REF!>=D23)*(B23=EOMONTH(B23,0)),#REF!,""))=0,"",COUNT(IF((#REF!<=C23)*(#REF!>=D23)*(B23=EOMONTH(B23,0)),#REF!,""))) | BA23: {=_xlfn.IFNA((INDEX('DMR 001C TIN & TP'!$A$3:$M$10005,MATCH(('Reg 85'!$AQ$6&'Reg 85'!BA$10&'Reg 85'!$B23),('DMR 001C TIN & TP'!$E$3:$E$10005&'DMR 001C TIN & TP'!$B$3:$B$10005&'DMR 001C TIN & TP'!$A$3:$A$10005),0),MATCH('Reg 85'!$AG$11,'DMR 001C TIN & TP'!$A$2:$M$2,0))),"")} | BB23: {=_xlfn.IFNA((INDEX('DMR 001C TIN & TP'!$A$3:$M$10005,MATCH(('Reg 85'!$AQ$6&'Reg 85'!BB$10&'Reg 85'!$B23),('DMR 001C TIN & TP'!$E$3:$E$10005&'DMR 001C TIN & TP'!$B$3:$B$10005&'DMR 001C TIN & TP'!$A$3:$A$10005),0),MATCH('Reg 85'!$AG$11,'DMR 001C TIN & TP'!$A$2:$M$2,0))),"")} | BC23: {=_xlfn.IFNA((INDEX('DMR 001C TIN & TP'!$A$3:$M$10005,MATCH(('Reg 85'!$AQ$6&'Reg 85'!BC$10&'Reg 85'!$B23),('DMR 001C TIN & TP'!$E$3:$E$10005&'DMR 001C TIN & TP'!$B$3:$B$10005&'DMR 001C TIN & TP'!$A$3:$A$10005),0),MATCH('Reg 85'!$AG$11,'DMR 001C TIN & TP'!$A$2:$M$2,0))),"")} | BD23: {=_xlfn.IFNA((INDEX('DMR 001C TIN & TP'!$A$3:$M$10005,MATCH(('Reg 85'!$AQ$6&'Reg 85'!BD$10&'Reg 85'!$B23),('DMR 001C TIN & TP'!$E$3:$E$10005&'DMR 001C TIN & TP'!$B$3:$B$10005&'DMR 001C TIN & TP'!$A$3:$A$10005),0),MATCH('Reg 85'!$AG$11,'DMR 001C TIN & TP'!$A$2:$M$2,0))),"")} | BE23: {=_xlfn.IFNA((INDEX('DMR 001C TIN & TP'!$A$3:$M$10005,MATCH(('Reg 85'!$AQ$6&'Reg 85'!BE$10&'Reg 85'!$B23),('DMR 001C TIN & TP'!$E$3:$E$10005&'DMR 001C TIN & TP'!$B$3:$B$10005&'DMR 001C TIN & TP'!$A$3:$A$10005),0),MATCH('Reg 85'!$AG$11,'DMR 001C TIN & TP'!$A$2:$M$2,0))),"")} | BF23: {=_xlfn.IFNA((INDEX('DMR 001C TIN & TP'!$A$3:$M$10005,MATCH(('Reg 85'!$AQ$6&'Reg 85'!BF$10&'Reg 85'!$B23),('DMR 001C TIN & TP'!$E$3:$E$10005&'DMR 001C TIN & TP'!$B$3:$B$10005&'DMR 001C TIN & TP'!$A$3:$A$10005),0),MATCH('Reg 85'!$AG$11,'DMR 001C TIN & TP'!$A$2:$M$2,0))),"")}
A24: =TEXT(B24,"ddd") -> Thu | B24: =B23+1 -> 43356 | C24: =EOMONTH(B24,0) -> 43373 | D24: =EOMONTH(B24,-1)+1 -> 43344 | E24: =DAY(EOMONTH(B24,0)) -> 30 | F24: {=_xlfn.IFNA(INDEX('DMR Flows-Effluent'!$A$3:$F$9999,MATCH(($F$10&$B24),('DMR Flows-Effluent'!$B$3:$B$9999&'DMR Flows-Effluent'!$A$3:$A$9999),0),MATCH($F$8,'DMR Flows-Effluent'!$A$2:$F$2,0)),"")} -> 49.6268 | G24: {=_xlfn.IFNA(INDEX('DMR Flows-Effluent'!$A$3:$F$9999,MATCH(($G$10&$B24),('DMR Flows-Effluent'!$B$3:$B$9999&'DMR Flows-Effluent'!$A$3:$A$9999),0),MATCH($F$8,'DMR Flows-Effluent'!$A$2:$F$2,0)),"")} -> 69.3391 | H24: =SUM(F24:G24) -> 118.9659 | I24: =IFERROR(IF(L24<VALUE(J24),"<",""),"") | J24: {=_xlfn.IFNA((INDEX('DMR 001C TIN & TP'!$A$3:$M$10005,MATCH(('Reg 85'!$I$6:$Q$6&'Reg 85'!$I$10:$K$10&'Reg 85'!$B24),('DMR 001C TIN & TP'!$E$3:$E$10005&'DMR 001C TIN & TP'!$B$3:$B$10005&'DMR 001C TIN & TP'!$A$3:$A$10005),0),MATCH('Reg 85'!$J$11,'DMR 001C TIN & TP'!$A$2:$M$2,0))),"")} | K24: {=_xlfn.IFNA((INDEX('DMR 001C TIN & TP'!$A$3:$M$10005,MATCH(('Reg 85'!$I$6:$Q$6&'Reg 85'!$I$10:$K$10&'Reg 85'!$B24),('DMR 001C TIN & TP'!$E$3:$E$10005&'DMR 001C TIN & TP'!$B$3:$B$10005&'DMR 001C TIN & TP'!$A$3:$A$10005),0),MATCH('Reg 85'!$K$11,'DMR 001C TIN & TP'!$A$2:$M$2,0))),"")} | L24: =IFERROR(IF(VALUE(K24)<VALUE(J24),0,VALUE(K24)),"") | M24: =IFERROR(IF(P24<VALUE(N24),"<",""),"") | N24: {=_xlfn.IFNA((INDEX('DMR 001C TIN & TP'!$A$3:$M$10005,MATCH(('Reg 85'!$I$6:$Q$6&'Reg 85'!$M$10&'Reg 85'!$B24),('DMR 001C TIN & TP'!$E$3:$E$10005&'DMR 001C TIN & TP'!$B$3:$B$10005&'DMR 001C TIN & TP'!$A$3:$A$10005),0),MATCH('Reg 85'!$N$11,'DMR 001C TIN & TP'!$A$2:$M$2,0))),"")} | O24: {=_xlfn.IFNA((INDEX('DMR 001C TIN & TP'!$A$3:$M$10005,MATCH(('Reg 85'!$I$6:$Q$6&'Reg 85'!$M$10&'Reg 85'!$B24),('DMR 001C TIN & TP'!$E$3:$E$10005&'DMR 001C TIN & TP'!$B$3:$B$10005&'DMR 001C TIN & TP'!$A$3:$A$10005),0),MATCH('Reg 85'!$O$11,'DMR 001C TIN & TP'!$A$2:$M$2,0))),"")} | P24: =IFERROR(IF(VALUE(O24)<VALUE(N24),0,VALUE(O24)),"") | Q24: {=IFERROR(((L24*$F24)+(P24*$G24))/($H24),"")} | R24: {=_xlfn.IFNA((INDEX('DMR 001C TIN & TP'!$A$3:$M$10005,MATCH(('Reg 85'!$I$6:$Q$6&'Reg 85'!R$10&'Reg 85'!$B24),('DMR 001C TIN & TP'!$E$3:$E$10005&'DMR 001C TIN & TP'!$B$3:$B$10005&'DMR 001C TIN & TP'!$A$3:$A$10005),0),MATCH('Reg 85'!$O$11,'DMR 001C TIN & TP'!$A$2:$M$2,0))),"")} | S24: {=_xlfn.IFNA((INDEX('DMR 001C TIN & TP'!$A$3:$M$10005,MATCH(('Reg 85'!$I$6:$Q$6&'Reg 85'!S$10&'Reg 85'!$B24),('DMR 001C TIN & TP'!$E$3:$E$10005&'DMR 001C TIN & TP'!$B$3:$B$10005&'DMR 001C TIN & TP'!$A$3:$A$10005),0),MATCH('Reg 85'!$O$11,'DMR 001C TIN & TP'!$A$2:$M$2,0))),"")} | T24: {=_xlfn.IFNA((INDEX('DMR 001C TIN & TP'!$A$3:$M$10005,MATCH(('Reg 85'!$I$6:$Q$6&'Reg 85'!T$10&'Reg 85'!$B24),('DMR 001C TIN & TP'!$E$3:$E$10005&'DMR 001C TIN & TP'!$B$3:$B$10005&'DMR 001C TIN & TP'!$A$3:$A$10005),0),MATCH('Reg 85'!$O$11,'DMR 001C TIN & TP'!$A$2:$M$2,0))),"")} | U24: {=_xlfn.IFNA((INDEX('DMR 001C TIN & TP'!$A$3:$M$10005,MATCH(('Reg 85'!$I$6:$Q$6&'Reg 85'!U$10&'Reg 85'!$B24),('DMR 001C TIN & TP'!$E$3:$E$10005&'DMR 001C TIN & TP'!$B$3:$B$10005&'DMR 001C TIN & TP'!$A$3:$A$10005),0),MATCH('Reg 85'!$O$11,'DMR 001C TIN & TP'!$A$2:$M$2,0))),"")} -> 0.09 | V24: {=_xlfn.IFNA((INDEX('DMR 001C TIN & TP'!$A$3:$M$10005,MATCH(('Reg 85'!$I$6:$Q$6&'Reg 85'!V$10&'Reg 85'!$B24),('DMR 001C TIN & TP'!$E$3:$E$10005&'DMR 001C TIN & TP'!$B$3:$B$10005&'DMR 001C TIN & TP'!$A$3:$A$10005),0),MATCH('Reg 85'!$O$11,'DMR 001C TIN & TP'!$A$2:$M$2,0))),"")} | W24: {=_xlfn.IFNA((INDEX('DMR 001C TIN & TP'!$A$3:$M$10005,MATCH(('Reg 85'!$I$6:$Q$6&'Reg 85'!W$10&'Reg 85'!$B24),('DMR 001C TIN & TP'!$E$3:$E$10005&'DMR 001C TIN & TP'!$B$3:$B$10005&'DMR 001C TIN & TP'!$A$3:$A$10005),0),MATCH('Reg 85'!$O$11,'DMR 001C TIN & TP'!$A$2:$M$2,0))),"")} | X24: =IFERROR(IF(AA24<VALUE(Y24),"<",""),"") | Y24: {=_xlfn.IFNA((INDEX('DMR 001C TIN & TP'!$A$3:$M$10005,MATCH(('Reg 85'!$X$6&'Reg 85'!$X$10&'Reg 85'!$B24),('DMR 001C TIN & TP'!$E$3:$E$10005&'DMR 001C TIN & TP'!$B$3:$B$10005&'DMR 001C TIN & TP'!$A$3:$A$10005),0),MATCH('Reg 85'!$Y$11,'DMR 001C TIN & TP'!$A$2:$M$2,0))),"")} | Z24: {=_xlfn.IFNA((INDEX('DMR 001C TIN & TP'!$A$3:$M$10005,MATCH(('Reg 85'!$X$6&'Reg 85'!$X$10&'Reg 85'!$B24),('DMR 001C TIN & TP'!$E$3:$E$10005&'DMR 001C TIN & TP'!$B$3:$B$10005&'DMR 001C TIN & TP'!$A$3:$A$10005),0),MATCH('Reg 85'!$Z$11,'DMR 001C TIN & TP'!$A$2:$M$2,0))),"")} | AA24: =IFERROR(IF(VALUE(Z24)<VALUE(Y24),0,VALUE(Z24)),"") | AB24: =IFERROR(IF(AE24<VALUE(AC24),"<",""),"") | AC24: {=_xlfn.IFNA((INDEX('DMR 001C TIN & TP'!$A$3:$M$10005,MATCH(('Reg 85'!$X$6&'Reg 85'!$AB$10&'Reg 85'!$B24),('DMR 001C TIN & TP'!$E$3:$E$10005&'DMR 001C TIN & TP'!$B$3:$B$10005&'DMR 001C TIN & TP'!$A$3:$A$10005),0),MATCH('Reg 85'!$AC$11,'DMR 001C TIN & TP'!$A$2:$M$2,0))),"")} | AD24: {=_xlfn.IFNA((INDEX('DMR 001C TIN & TP'!$A$3:$M$10005,MATCH(('Reg 85'!$X$6&'Reg 85'!$AB$10&'Reg 85'!$B24),('DMR 001C TIN & TP'!$E$3:$E$10005&'DMR 001C TIN & TP'!$B$3:$B$10005&'DMR 001C TIN & TP'!$A$3:$A$10005),0),MATCH('Reg 85'!$AD$11,'DMR 001C TIN & TP'!$A$2:$M$2,0))),"")} | AE24: =IFERROR(IF(VALUE(AD24)<VALUE(AC24),0,VALUE(AD24)),"") | AF24: =IFERROR(((AA24*$F24)+(AE24*$G24))/($H24),"") | AG24: {=_xlfn.IFNA((INDEX('DMR 001C TIN & TP'!$A$3:$M$10005,MATCH(('Reg 85'!$X$6&'Reg 85'!AG$10&'Reg 85'!$B24),('DMR 001C TIN & TP'!$E$3:$E$10005&'DMR 001C TIN & TP'!$B$3:$B$10005&'DMR 001C TIN & TP'!$A$3:$A$10005),0),MATCH('Reg 85'!$AG$11,'DMR 001C TIN & TP'!$A$2:$M$2,0))),"")} | AH24: {=_xlfn.IFNA((INDEX('DMR 001C TIN & TP'!$A$3:$M$10005,MATCH(('Reg 85'!$X$6&'Reg 85'!AH$10&'Reg 85'!$B24),('DMR 001C TIN & TP'!$E$3:$E$10005&'DMR 001C TIN & TP'!$B$3:$B$10005&'DMR 001C TIN & TP'!$A$3:$A$10005),0),MATCH('Reg 85'!$AG$11,'DMR 001C TIN & TP'!$A$2:$M$2,0))),"")} | AI24: {=_xlfn.IFNA((INDEX('DMR 001C TIN & TP'!$A$3:$M$10005,MATCH(('Reg 85'!$X$6&'Reg 85'!AI$10&'Reg 85'!$B24),('DMR 001C TIN & TP'!$E$3:$E$10005&'DMR 001C TIN & TP'!$B$3:$B$10005&'DMR 001C TIN & TP'!$A$3:$A$10005),0),MATCH('Reg 85'!$AG$11,'DMR 001C TIN & TP'!$A$2:$M$2,0))),"")} | AJ24: {=_xlfn.IFNA((INDEX('DMR 001C TIN & TP'!$A$3:$M$10005,MATCH(('Reg 85'!$X$6&'Reg 85'!AJ$10&'Reg 85'!$B24),('DMR 001C TIN & TP'!$E$3:$E$10005&'DMR 001C TIN & TP'!$B$3:$B$10005&'DMR 001C TIN & TP'!$A$3:$A$10005),0),MATCH('Reg 85'!$AG$11,'DMR 001C TIN & TP'!$A$2:$M$2,0))),"")} | AK24: {=_xlfn.IFNA((INDEX('DMR 001C TIN & TP'!$A$3:$M$10005,MATCH(('Reg 85'!$X$6&'Reg 85'!AK$10&'Reg 85'!$B24),('DMR 001C TIN & TP'!$E$3:$E$10005&'DMR 001C TIN & TP'!$B$3:$B$10005&'DMR 001C TIN & TP'!$A$3:$A$10005),0),MATCH('Reg 85'!$AG$11,'DMR 001C TIN & TP'!$A$2:$M$2,0))),"")} | AL24: {=_xlfn.IFNA((INDEX('DMR 001C TIN & TP'!$A$3:$M$10005,MATCH(('Reg 85'!$X$6&'Reg 85'!AL$10&'Reg 85'!$B24),('DMR 001C TIN & TP'!$E$3:$E$10005&'DMR 001C TIN & TP'!$B$3:$B$10005&'DMR 001C TIN & TP'!$A$3:$A$10005),0),MATCH('Reg 85'!$AG$11,'DMR 001C TIN & TP'!$A$2:$M$2,0))),"")} | AO24: =IFERROR(Q24+AF24,"") | AP24: =IF(COUNT(IF((#REF!<=C24)*(#REF!>=D24)*(B24=EOMONTH(B24,0)),#REF!,""))=0,"",COUNT(IF((#REF!<=C24)*(#REF!>=D24)*(B24=EOMONTH(B24,0)),#REF!,""))) | AR24: {=_xlfn.IFNA((INDEX('DMR 001C TIN & TP'!$A$3:$M$10005,MATCH(('Reg 85'!$AQ$6&'Reg 85'!$AQ$10&'Reg 85'!$B24),('DMR 001C TIN & TP'!$E$3:$E$10005&'DMR 001C TIN & TP'!$B$3:$B$10005&'DMR 001C TIN & TP'!$A$3:$A$10005),0),MATCH('Reg 85'!$AR$11,'DMR 001C TIN & TP'!$A$2:$M$2,0))),"")} -> 0.03 | AS24: {=_xlfn.IFNA((INDEX('DMR 001C TIN & TP'!$A$3:$M$10005,MATCH(('Reg 85'!$AQ$6&'Reg 85'!$AQ$10&'Reg 85'!$B24),('DMR 001C TIN & TP'!$E$3:$E$10005&'DMR 001C TIN & TP'!$B$3:$B$10005&'DMR 001C TIN & TP'!$A$3:$A$10005),0),MATCH('Reg 85'!$AS$11,'DMR 001C TIN & TP'!$A$2:$M$2,0))),"")} -> 0.38 | AT24: =IFERROR(IF(VALUE(AS24)<VALUE(AR24),0,VALUE(AS24)),"") -> 0.38 | AV24: {=_xlfn.IFNA((INDEX('DMR 001C TIN & TP'!$A$3:$M$10005,MATCH(('Reg 85'!$AQ$6&'Reg 85'!$AU$10&'Reg 85'!$B24),('DMR 001C TIN & TP'!$E$3:$E$10005&'DMR 001C TIN & TP'!$B$3:$B$10005&'DMR 001C TIN & TP'!$A$3:$A$10005),0),MATCH('Reg 85'!$AV$11,'DMR 001C TIN & TP'!$A$2:$M$2,0))),"")} -> 0.03 | AW24: {=_xlfn.IFNA((INDEX('DMR 001C TIN & TP'!$A$3:$M$10005,MATCH(('Reg 85'!$AQ$6&'Reg 85'!$AU$10&'Reg 85'!$B24),('DMR 001C TIN & TP'!$E$3:$E$10005&'DMR 001C TIN & TP'!$B$3:$B$10005&'DMR 001C TIN & TP'!$A$3:$A$10005),0),MATCH('Reg 85'!$AW$11,'DMR 001C TIN & TP'!$A$2:$M$2,0))),"")} -> 1.81 | AX24: =IFERROR(IF(VALUE(AW24)<VALUE(AV24),0,VALUE(AW24)),"") -> 1.81 | AY24: =IFERROR(((AT24*$F24)+(AX24*$G24))/($H24),"") -> 1.2134734 | AZ24: =IF(COUNT(IF((#REF!<=C24)*(#REF!>=D24)*(B24=EOMONTH(B24,0)),#REF!,""))=0,"",COUNT(IF((#REF!<=C24)*(#REF!>=D24)*(B24=EOMONTH(B24,0)),#REF!,""))) | BA24: {=_xlfn.IFNA((INDEX('DMR 001C TIN & TP'!$A$3:$M$10005,MATCH(('Reg 85'!$AQ$6&'Reg 85'!BA$10&'Reg 85'!$B24),('DMR 001C TIN & TP'!$E$3:$E$10005&'DMR 001C TIN & TP'!$B$3:$B$10005&'DMR 001C TIN & TP'!$A$3:$A$10005),0),MATCH('Reg 85'!$AG$11,'DMR 001C TIN & TP'!$A$2:$M$2,0))),"")} | BB24: {=_xlfn.IFNA((INDEX('DMR 001C TIN & TP'!$A$3:$M$10005,MATCH(('Reg 85'!$AQ$6&'Reg 85'!BB$10&'Reg 85'!$B24),('DMR 001C TIN & TP'!$E$3:$E$10005&'DMR 001C TIN & TP'!$B$3:$B$10005&'DMR 001C TIN & TP'!$A$3:$A$10005),0),MATCH('Reg 85'!$AG$11,'DMR 001C TIN & TP'!$A$2:$M$2,0))),"")} | BC24: {=_xlfn.IFNA((INDEX('DMR 001C TIN & TP'!$A$3:$M$10005,MATCH(('Reg 85'!$AQ$6&'Reg 85'!BC$10&'Reg 85'!$B24),('DMR 001C TIN & TP'!$E$3:$E$10005&'DMR 001C TIN & TP'!$B$3:$B$10005&'DMR 001C TIN & TP'!$A$3:$A$10005),0),MATCH('Reg 85'!$AG$11,'DMR 001C TIN & TP'!$A$2:$M$2,0))),"")} | BD24: {=_xlfn.IFNA((INDEX('DMR 001C TIN & TP'!$A$3:$M$10005,MATCH(('Reg 85'!$AQ$6&'Reg 85'!BD$10&'Reg 85'!$B24),('DMR 001C TIN & TP'!$E$3:$E$10005&'DMR 001C TIN & TP'!$B$3:$B$10005&'DMR 001C TIN & TP'!$A$3:$A$10005),0),MATCH('Reg 85'!$AG$11,'DMR 001C TIN & TP'!$A$2:$M$2,0))),"")} | BE24: {=_xlfn.IFNA((INDEX('DMR 001C TIN & TP'!$A$3:$M$10005,MATCH(('Reg 85'!$AQ$6&'Reg 85'!BE$10&'Reg 85'!$B24),('DMR 001C TIN & TP'!$E$3:$E$10005&'DMR 001C TIN & TP'!$B$3:$B$10005&'DMR 001C TIN & TP'!$A$3:$A$10005),0),MATCH('Reg 85'!$AG$11,'DMR 001C TIN & TP'!$A$2:$M$2,0))),"")} | BF24: {=_xlfn.IFNA((INDEX('DMR 001C TIN & TP'!$A$3:$M$10005,MATCH(('Reg 85'!$AQ$6&'Reg 85'!BF$10&'Reg 85'!$B24),('DMR 001C TIN & TP'!$E$3:$E$10005&'DMR 001C TIN & TP'!$B$3:$B$10005&'DMR 001C TIN & TP'!$A$3:$A$10005),0),MATCH('Reg 85'!$AG$11,'DMR 001C TIN & TP'!$A$2:$M$2,0))),"")}
... A30: =TEXT(B30,"ddd") -> Wed | B30: =B29+1 -> 43362 | C30: =EOMONTH(B30,0) -> 43373 | D30: =EOMONTH(B30,-1)+1 -> 43344 | E30: =DAY(EOMONTH(B30,0)) -> 30 | F30: {=_xlfn.IFNA(INDEX('DMR Flows-Effluent'!$A$3:$F$9999,MATCH(($F$10&$B30),('DMR Flows-Effluent'!$B$3:$B$9999&'DMR Flows-Effluent'!$A$3:$A$9999),0),MATCH($F$8,'DMR Flows-Effluent'!$A$2:$F$2,0)),"")} -> 48.7223 | G30: {=_xlfn.IFNA(INDEX('DMR Flows-Effluent'!$A$3:$F$9999,MATCH(($G$10&$B30),('DMR Flows-Effluent'!$B$3:$B$9999&'DMR Flows-Effluent'!$A$3:$A$9999),0),MATCH($F$8,'DMR Flows-Effluent'!$A$2:$F$2,0)),"")} -> 69.1019 | H30: =SUM(F30:G30) -> 117.8242 | I30: =IFERROR(IF(L30<VALUE(J30),"<",""),"") | J30: {=_xlfn.IFNA((INDEX('DMR 001C TIN & TP'!$A$3:$M$10005,MATCH(('Reg 85'!$I$6:$Q$6&'Reg 85'!$I$10:$K$10&'Reg 85'!$B30),('DMR 001C TIN & TP'!$E$3:$E$10005&'DMR 001C TIN & TP'!$B$3:$B$10005&'DMR 001C TIN & TP'!$A$3:$A$10005),0),MATCH('Reg 85'!$J$11,'DMR 001C TIN & TP'!$A$2:$M$2,0))),"")} -> 0.15 | K30: {=_xlfn.IFNA((INDEX('DMR 001C TIN & TP'!$A$3:$M$10005,MATCH(('Reg 85'!$I$6:$Q$6&'Reg 85'!$I$10:$K$10&'Reg 85'!$B30),('DMR 001C TIN & TP'!$E$3:$E$10005&'DMR 001C TIN & TP'!$B$3:$B$10005&'DMR 001C TIN & TP'!$A$3:$A$10005),0),MATCH('Reg 85'!$K$11,'DMR 001C TIN & TP'!$A$2:$M$2,0))),"")} -> 0.52 | L30: =IFERROR(IF(VALUE(K30)<VALUE(J30),0,VALUE(K30)),"") -> 0.52 | M30: =IFERROR(IF(P30<VALUE(N30),"<",""),"") | N30: {=_xlfn.IFNA((INDEX('DMR 001C TIN & TP'!$A$3:$M$10005,MATCH(('Reg 85'!$I$6:$Q$6&'Reg 85'!$M$10&'Reg 85'!$B30),('DMR 001C TIN & TP'!$E$3:$E$10005&'DMR 001C TIN & TP'!$B$3:$B$10005&'DMR 001C TIN & TP'!$A$3:$A$10005),0),MATCH('Reg 85'!$N$11,'DMR 001C TIN & TP'!$A$2:$M$2,0))),"")} -> 0.15 | O30: {=_xlfn.IFNA((INDEX('DMR 001C TIN & TP'!$A$3:$M$10005,MATCH(('Reg 85'!$I$6:$Q$6&'Reg 85'!$M$10&'Reg 85'!$B30),('DMR 001C TIN & TP'!$E$3:$E$10005&'DMR 001C TIN & TP'!$B$3:$B$10005&'DMR 001C TIN & TP'!$A$3:$A$10005),0),MATCH('Reg 85'!$O$11,'DMR 001C TIN & TP'!$A$2:$M$2,0))),"")} -> 0.76 | P30: =IFERROR(IF(VALUE(O30)<VALUE(N30),0,VALUE(O30)),"") -> 0.76 | Q30: {=IFERROR(((L30*$F30)+(P30*$G30))/($H30),"")} -> 0.66075594 | R30: {=_xlfn.IFNA((INDEX('DMR 001C TIN & TP'!$A$3:$M$10005,MATCH(('Reg 85'!$I$6:$Q$6&'Reg 85'!R$10&'Reg 85'!$B30),('DMR 001C TIN & TP'!$E$3:$E$10005&'DMR 001C TIN & TP'!$B$3:$B$10005&'DMR 001C TIN & TP'!$A$3:$A$10005),0),MATCH('Reg 85'!$O$11,'DMR 001C TIN & TP'!$A$2:$M$2,0))),"")} | S30: {=_xlfn.IFNA((INDEX('DMR 001C TIN & TP'!$A$3:$M$10005,MATCH(('Reg 85'!$I$6:$Q$6&'Reg 85'!S$10&'Reg 85'!$B30),('DMR 001C TIN & TP'!$E$3:$E$10005&'DMR 001C TIN & TP'!$B$3:$B$10005&'DMR 001C TIN & TP'!$A$3:$A$10005),0),MATCH('Reg 85'!$O$11,'DMR 001C TIN & TP'!$A$2:$M$2,0))),"")} | T30: {=_xlfn.IFNA((INDEX('DMR 001C TIN & TP'!$A$3:$M$10005,MATCH(('Reg 85'!$I$6:$Q$6&'Reg 85'!T$10&'Reg 85'!$B30),('DMR 001C TIN & TP'!$E$3:$E$10005&'DMR 001C TIN & TP'!$B$3:$B$10005&'DMR 001C TIN & TP'!$A$3:$A$10005),0),MATCH('Reg 85'!$O$11,'DMR 001C TIN & TP'!$A$2:$M$2,0))),"")} | U30: {=_xlfn.IFNA((INDEX('DMR 001C TIN & TP'!$A$3:$M$10005,MATCH(('Reg 85'!$I$6:$Q$6&'Reg 85'!U$10&'Reg 85'!$B30),('DMR 001C TIN & TP'!$E$3:$E$10005&'DMR 001C TIN & TP'!$B$3:$B$10005&'DMR 001C TIN & TP'!$A$3:$A$10005),0),MATCH('Reg 85'!$O$11,'DMR 001C TIN & TP'!$A$2:$M$2,0))),"")} | V30: {=_xlfn.IFNA((INDEX('DMR 001C TIN & TP'!$A$3:$M$10005,MATCH(('Reg 85'!$I$6:$Q$6&'Reg 85'!V$10&'Reg 85'!$B30),('DMR 001C TIN & TP'!$E$3:$E$10005&'DMR 001C TIN & TP'!$B$3:$B$10005&'DMR 001C TIN & TP'!$A$3:$A$10005),0),MATCH('Reg 85'!$O$11,'DMR 001C TIN & TP'!$A$2:$M$2,0))),"")} | W30: {=_xlfn.IFNA((INDEX('DMR 001C TIN & TP'!$A$3:$M$10005,MATCH(('Reg 85'!$I$6:$Q$6&'Reg 85'!W$10&'Reg 85'!$B30),('DMR 001C TIN & TP'!$E$3:$E$10005&'DMR 001C TIN & TP'!$B$3:$B$10005&'DMR 001C TIN & TP'!$A$3:$A$10005),0),MATCH('Reg 85'!$O$11,'DMR 001C TIN & TP'!$A$2:$M$2,0))),"")} | X30: =IFERROR(IF(AA30<VALUE(Y30),"<",""),"") | Y30: {=_xlfn.IFNA((INDEX('DMR 001C TIN & TP'!$A$3:$M$10005,MATCH(('Reg 85'!$X$6&'Reg 85'!$X$10&'Reg 85'!$B30),('DMR 001C TIN & TP'!$E$3:$E$10005&'DMR 001C TIN & TP'!$B$3:$B$10005&'DMR 001C TIN & TP'!$A$3:$A$10005),0),MATCH('Reg 85'!$Y$11,'DMR 001C TIN & TP'!$A$2:$M$2,0))),"")} -> 0.12 | Z30: {=_xlfn.IFNA((INDEX('DMR 001C TIN & TP'!$A$3:$M$10005,MATCH(('Reg 85'!$X$6&'Reg 85'!$X$10&'Reg 85'!$B30),('DMR 001C TIN & TP'!$E$3:$E$10005&'DMR 001C TIN & TP'!$B$3:$B$10005&'DMR 001C TIN & TP'!$A$3:$A$10005),0),MATCH('Reg 85'!$Z$11,'DMR 001C TIN & TP'!$A$2:$M$2,0))),"")} -> 4.65 | AA30: =IFERROR(IF(VALUE(Z30)<VALUE(Y30),0,VALUE(Z30)),"") -> 4.65 | AB30: =IFERROR(IF(AE30<VALUE(AC30),"<",""),"") | AC30: {=_xlfn.IFNA((INDEX('DMR 001C TIN & TP'!$A$3:$M$10005,MATCH(('Reg 85'!$X$6&'Reg 85'!$AB$10&'Reg 85'!$B30),('DMR 001C TIN & TP'!$E$3:$E$10005&'DMR 001C TIN & TP'!$B$3:$B$10005&'DMR 001C TIN & TP'!$A$3:$A$10005),0),MATCH('Reg 85'!$AC$11,'DMR 001C TIN & TP'!$A$2:$M$2,0))),"")} -> 0.06 | AD30: {=_xlfn.IFNA((INDEX('DMR 001C TIN & TP'!$A$3:$M$10005,MATCH(('Reg 85'!$X$6&'Reg 85'!$AB$10&'Reg 85'!$B30),('DMR 001C TIN & TP'!$E$3:$E$10005&'DMR 001C TIN & TP'!$B$3:$B$10005&'DMR 001C TIN & TP'!$A$3:$A$10005),0),MATCH('Reg 85'!$AD$11,'DMR 001C TIN & TP'!$A$2:$M$2,0))),"")} -> 5.11 | AE30: =IFERROR(IF(VALUE(AD30)<VALUE(AC30),0,VALUE(AD30)),"") -> 5.11 | AF30: =IFERROR(((AA30*$F30)+(AE30*$G30))/($H30),"") -> 4.9197822 | AG30: {=_xlfn.IFNA((INDEX('DMR 001C TIN & TP'!$A$3:$M$10005,MATCH(('Reg 85'!$X$6&'Reg 85'!AG$10&'Reg 85'!$B30),('DMR 001C TIN & TP'!$E$3:$E$10005&'DMR 001C TIN & TP'!$B$3:$B$10005&'DMR 001C TIN & TP'!$A$3:$A$10005),0),MATCH('Reg 85'!$AG$11,'DMR 001C TIN & TP'!$A$2:$M$2,0))),"")} | AH30: {=_xlfn.IFNA((INDEX('DMR 001C TIN & TP'!$A$3:$M$10005,MATCH(('Reg 85'!$X$6&'Reg 85'!AH$10&'Reg 85'!$B30),('DMR 001C TIN & TP'!$E$3:$E$10005&'DMR 001C TIN & TP'!$B$3:$B$10005&'DMR 001C TIN & TP'!$A$3:$A$10005),0),MATCH('Reg 85'!$AG$11,'DMR 001C TIN & TP'!$A$2:$M$2,0))),"")} | AI30: {=_xlfn.IFNA((INDEX('DMR 001C TIN & TP'!$A$3:$M$10005,MATCH(('Reg 85'!$X$6&'Reg 85'!AI$10&'Reg 85'!$B30),('DMR 001C TIN & TP'!$E$3:$E$10005&'DMR 001C TIN & TP'!$B$3:$B$10005&'DMR 001C TIN & TP'!$A$3:$A$10005),0),MATCH('Reg 85'!$AG$11,'DMR 001C TIN & TP'!$A$2:$M$2,0))),"")} | AJ30: {=_xlfn.IFNA((INDEX('DMR 001C TIN & TP'!$A$3:$M$10005,MATCH(('Reg 85'!$X$6&'Reg 85'!AJ$10&'Reg 85'!$B30),('DMR 001C TIN & TP'!$E$3:$E$10005&'DMR 001C TIN & TP'!$B$3:$B$10005&'DMR 001C TIN & TP'!$A$3:$A$10005),0),MATCH('Reg 85'!$AG$11,'DMR 001C TIN & TP'!$A$2:$M$2,0))),"")} | AK30: {=_xlfn.IFNA((INDEX('DMR 001C TIN & TP'!$A$3:$M$10005,MATCH(('Reg 85'!$X$6&'Reg 85'!AK$10&'Reg 85'!$B30),('DMR 001C TIN & TP'!$E$3:$E$10005&'DMR 001C TIN & TP'!$B$3:$B$10005&'DMR 001C TIN & TP'!$A$3:$A$10005),0),MATCH('Reg 85'!$AG$11,'DMR 001C TIN & TP'!$A$2:$M$2,0))),"")} | AL30: {=_xlfn.IFNA((INDEX('DMR 001C TIN & TP'!$A$3:$M$10005,MATCH(('Reg 85'!$X$6&'Reg 85'!AL$10&'Reg 85'!$B30),('DMR 001C TIN & TP'!$E$3:$E$10005&'DMR 001C TIN & TP'!$B$3:$B$10005&'DMR 001C TIN & TP'!$A$3:$A$10005),0),MATCH('Reg 85'!$AG$11,'DMR 001C TIN & TP'!$A$2:$M$2,0))),"")} | AO30: =IFERROR(Q30+AF30,"") -> 5.5805382 | AP30: =IF(COUNT(IF((#REF!<=C30)*(#REF!>=D30)*(B30=EOMONTH(B30,0)),#REF!,""))=0,"",COUNT(IF((#REF!<=C30)*(#REF!>=D30)*(B30=EOMONTH(B30,0)),#REF!,""))) | AR30: {=_xlfn.IFNA((INDEX('DMR 001C TIN & TP'!$A$3:$M$10005,MATCH(('Reg 85'!$AQ$6&'Reg 85'!$AQ$10&'Reg 85'!$B30),('DMR 001C TIN & TP'!$E$3:$E$10005&'DMR 001C TIN & TP'!$B$3:$B$10005&'DMR 001C TIN & TP'!$A$3:$A$10005),0),MATCH('Reg 85'!$AR$11,'DMR 001C TIN & TP'!$A$2:$M$2,0))),"")} | AS30: {=_xlfn.IFNA((INDEX('DMR 001C TIN & TP'!$A$3:$M$10005,MATCH(('Reg 85'!$AQ$6&'Reg 85'!$AQ$10&'Reg 85'!$B30),('DMR 001C TIN & TP'!$E$3:$E$10005&'DMR 001C TIN & TP'!$B$3:$B$10005&'DMR 001C TIN & TP'!$A$3:$A$10005),0),MATCH('Reg 85'!$AS$11,'DMR 001C TIN & TP'!$A$2:$M$2,0))),"")} | AT30: =IFERROR(IF(VALUE(AS30)<VALUE(AR30),0,VALUE(AS30)),"") | AV30: {=_xlfn.IFNA((INDEX('DMR 001C TIN & TP'!$A$3:$M$10005,MATCH(('Reg 85'!$AQ$6&'Reg 85'!$AU$10&'Reg 85'!$B30),('DMR 001C TIN & TP'!$E$3:$E$10005&'DMR 001C TIN & TP'!$B$3:$B$10005&'DMR 001C TIN & TP'!$A$3:$A$10005),0),MATCH('Reg 85'!$AV$11,'DMR 001C TIN & TP'!$A$2:$M$2,0))),"")} | AW30: {=_xlfn.IFNA((INDEX('DMR 001C TIN & TP'!$A$3:$M$10005,MATCH(('Reg 85'!$AQ$6&'Reg 85'!$AU$10&'Reg 85'!$B30),('DMR 001C TIN & TP'!$E$3:$E$10005&'DMR 001C TIN & TP'!$B$3:$B$10005&'DMR 001C TIN & TP'!$A$3:$A$10005),0),MATCH('Reg 85'!$AW$11,'DMR 001C TIN & TP'!$A$2:$M$2,0))),"")} | AX30: =IFERROR(IF(VALUE(AW30)<VALUE(AV30),0,VALUE(AW30)),"") | AY30: =IFERROR(((AT30*$F30)+(AX30*$G30))/($H30),"") | AZ30: =IF(COUNT(IF((#REF!<=C30)*(#REF!>=D30)*(B30=EOMONTH(B30,0)),#REF!,""))=0,"",COUNT(IF((#REF!<=C30)*(#REF!>=D30)*(B30=EOMONTH(B30,0)),#REF!,""))) | BA30: {=_xlfn.IFNA((INDEX('DMR 001C TIN & TP'!$A$3:$M$10005,MATCH(('Reg 85'!$AQ$6&'Reg 85'!BA$10&'Reg 85'!$B30),('DMR 001C TIN & TP'!$E$3:$E$10005&'DMR 001C TIN & TP'!$B$3:$B$10005&'DMR 001C TIN & TP'!$A$3:$A$10005),0),MATCH('Reg 85'!$AG$11,'DMR 001C TIN & TP'!$A$2:$M$2,0))),"")} | BB30: {=_xlfn.IFNA((INDEX('DMR 001C TIN & TP'!$A$3:$M$10005,MATCH(('Reg 85'!$AQ$6&'Reg 85'!BB$10&'Reg 85'!$B30),('DMR 001C TIN & TP'!$E$3:$E$10005&'DMR 001C TIN & TP'!$B$3:$B$10005&'DMR 001C TIN & TP'!$A$3:$A$10005),0),MATCH('Reg 85'!$AG$11,'DMR 001C TIN & TP'!$A$2:$M$2,0))),"")} | BC30: {=_xlfn.IFNA((INDEX('DMR 001C TIN & TP'!$A$3:$M$10005,MATCH(('Reg 85'!$AQ$6&'Reg 85'!BC$10&'Reg 85'!$B30),('DMR 001C TIN & TP'!$E$3:$E$10005&'DMR 001C TIN & TP'!$B$3:$B$10005&'DMR 001C TIN & TP'!$A$3:$A$10005),0),MATCH('Reg 85'!$AG$11,'DMR 001C TIN & TP'!$A$2:$M$2,0))),"")} | BD30: {=_xlfn.IFNA((INDEX('DMR 001C TIN & TP'!$A$3:$M$10005,MATCH(('Reg 85'!$AQ$6&'Reg 85'!BD$10&'Reg 85'!$B30),('DMR 001C TIN & TP'!$E$3:$E$10005&'DMR 001C TIN & TP'!$B$3:$B$10005&'DMR 001C TIN & TP'!$A$3:$A$10005),0),MATCH('Reg 85'!$AG$11,'DMR 001C TIN & TP'!$A$2:$M$2,0))),"")} | BE30: {=_xlfn.IFNA((INDEX('DMR 001C TIN & TP'!$A$3:$M$10005,MATCH(('Reg 85'!$AQ$6&'Reg 85'!BE$10&'Reg 85'!$B30),('DMR 001C TIN & TP'!$E$3:$E$10005&'DMR 001C TIN & TP'!$B$3:$B$10005&'DMR 001C TIN & TP'!$A$3:$A$10005),0),MATCH('Reg 85'!$AG$11,'DMR 001C TIN & TP'!$A$2:$M$2,0))),"")} | BF30: {=_xlfn.IFNA((INDEX('DMR 001C TIN & TP'!$A$3:$M$10005,MATCH(('Reg 85'!$AQ$6&'Reg 85'!BF$10&'Reg 85'!$B30),('DMR 001C TIN & TP'!$E$3:$E$10005&'DMR 001C TIN & TP'!$B$3:$B$10005&'DMR 001C TIN & TP'!$A$3:$A$10005),0),MATCH('Reg 85'!$AG$11,'DMR 001C TIN & TP'!$A$2:$M$2,0))),"")}
A31: =TEXT(B31,"ddd") -> Thu | B31: =B30+1 -> 43363 | C31: =EOMONTH(B31,0) -> 43373 | D31: =EOMONTH(B31,-1)+1 -> 43344 | E31: =DAY(EOMONTH(B31,0)) -> 30 | F31: {=_xlfn.IFNA(INDEX('DMR Flows-Effluent'!$A$3:$F$9999,MATCH(($F$10&$B31),('DMR Flows-Effluent'!$B$3:$B$9999&'DMR Flows-Effluent'!$A$3:$A$9999),0),MATCH($F$8,'DMR Flows-Effluent'!$A$2:$F$2,0)),"")} -> 45.6862 | G31: {=_xlfn.IFNA(INDEX('DMR Flows-Effluent'!$A$3:$F$9999,MATCH(($G$10&$B31),('DMR Flows-Effluent'!$B$3:$B$9999&'DMR Flows-Effluent'!$A$3:$A$9999),0),MATCH($F$8,'DMR Flows-Effluent'!$A$2:$F$2,0)),"")} -> 71.8133 | H31: =SUM(F31:G31) -> 117.4995 | I31: =IFERROR(IF(L31<VALUE(J31),"<",""),"") | J31: {=_xlfn.IFNA((INDEX('DMR 001C TIN & TP'!$A$3:$M$10005,MATCH(('Reg 85'!$I$6:$Q$6&'Reg 85'!$I$10:$K$10&'Reg 85'!$B31),('DMR 001C TIN & TP'!$E$3:$E$10005&'DMR 001C TIN & TP'!$B$3:$B$10005&'DMR 001C TIN & TP'!$A$3:$A$10005),0),MATCH('Reg 85'!$J$11,'DMR 001C TIN & TP'!$A$2:$M$2,0))),"")} | K31: {=_xlfn.IFNA((INDEX('DMR 001C TIN & TP'!$A$3:$M$10005,MATCH(('Reg 85'!$I$6:$Q$6&'Reg 85'!$I$10:$K$10&'Reg 85'!$B31),('DMR 001C TIN & TP'!$E$3:$E$10005&'DMR 001C TIN & TP'!$B$3:$B$10005&'DMR 001C TIN & TP'!$A$3:$A$10005),0),MATCH('Reg 85'!$K$11,'DMR 001C TIN & TP'!$A$2:$M$2,0))),"")} | L31: =IFERROR(IF(VALUE(K31)<VALUE(J31),0,VALUE(K31)),"") | M31: =IFERROR(IF(P31<VALUE(N31),"<",""),"") | N31: {=_xlfn.IFNA((INDEX('DMR 001C TIN & TP'!$A$3:$M$10005,MATCH(('Reg 85'!$I$6:$Q$6&'Reg 85'!$M$10&'Reg 85'!$B31),('DMR 001C TIN & TP'!$E$3:$E$10005&'DMR 001C TIN & TP'!$B$3:$B$10005&'DMR 001C TIN & TP'!$A$3:$A$10005),0),MATCH('Reg 85'!$N$11,'DMR 001C TIN & TP'!$A$2:$M$2,0))),"")} | O31: {=_xlfn.IFNA((INDEX('DMR 001C TIN & TP'!$A$3:$M$10005,MATCH(('Reg 85'!$I$6:$Q$6&'Reg 85'!$M$10&'Reg 85'!$B31),('DMR 001C TIN & TP'!$E$3:$E$10005&'DMR 001C TIN & TP'!$B$3:$B$10005&'DMR 001C TIN & TP'!$A$3:$A$10005),0),MATCH('Reg 85'!$O$11,'DMR 001C TIN & TP'!$A$2:$M$2,0))),"")} | P31: =IFERROR(IF(VALUE(O31)<VALUE(N31),0,VALUE(O31)),"") | Q31: {=IFERROR(((L31*$F31)+(P31*$G31))/($H31),"")} | R31: {=_xlfn.IFNA((INDEX('DMR 001C TIN & TP'!$A$3:$M$10005,MATCH(('Reg 85'!$I$6:$Q$6&'Reg 85'!R$10&'Reg 85'!$B31),('DMR 001C TIN & TP'!$E$3:$E$10005&'DMR 001C TIN & TP'!$B$3:$B$10005&'DMR 001C TIN & TP'!$A$3:$A$10005),0),MATCH('Reg 85'!$O$11,'DMR 001C TIN & TP'!$A$2:$M$2,0))),"")} | S31: {=_xlfn.IFNA((INDEX('DMR 001C TIN & TP'!$A$3:$M$10005,MATCH(('Reg 85'!$I$6:$Q$6&'Reg 85'!S$10&'Reg 85'!$B31),('DMR 001C TIN & TP'!$E$3:$E$10005&'DMR 001C TIN & TP'!$B$3:$B$10005&'DMR 001C TIN & TP'!$A$3:$A$10005),0),MATCH('Reg 85'!$O$11,'DMR 001C TIN & TP'!$A$2:$M$2,0))),"")} | T31: {=_xlfn.IFNA((INDEX('DMR 001C TIN & TP'!$A$3:$M$10005,MATCH(('Reg 85'!$I$6:$Q$6&'Reg 85'!T$10&'Reg 85'!$B31),('DMR 001C TIN & TP'!$E$3:$E$10005&'DMR 001C TIN & TP'!$B$3:$B$10005&'DMR 001C TIN & TP'!$A$3:$A$10005),0),MATCH('Reg 85'!$O$11,'DMR 001C TIN & TP'!$A$2:$M$2,0))),"")} | U31: {=_xlfn.IFNA((INDEX('DMR 001C TIN & TP'!$A$3:$M$10005,MATCH(('Reg 85'!$I$6:$Q$6&'Reg 85'!U$10&'Reg 85'!$B31),('DMR 001C TIN & TP'!$E$3:$E$10005&'DMR 001C TIN & TP'!$B$3:$B$10005&'DMR 001C TIN & TP'!$A$3:$A$10005),0),MATCH('Reg 85'!$O$11,'DMR 001C TIN & TP'!$A$2:$M$2,0))),"")} | V31: {=_xlfn.IFNA((INDEX('DMR 001C TIN & TP'!$A$3:$M$10005,MATCH(('Reg 85'!$I$6:$Q$6&'Reg 85'!V$10&'Reg 85'!$B31),('DMR 001C TIN & TP'!$E$3:$E$10005&'DMR 001C TIN & TP'!$B$3:$B$10005&'DMR 001C TIN & TP'!$A$3:$A$10005),0),MATCH('Reg 85'!$O$11,'DMR 001C TIN & TP'!$A$2:$M$2,0))),"")} | W31: {=_xlfn.IFNA((INDEX('DMR 001C TIN & TP'!$A$3:$M$10005,MATCH(('Reg 85'!$I$6:$Q$6&'Reg 85'!W$10&'Reg 85'!$B31),('DMR 001C TIN & TP'!$E$3:$E$10005&'DMR 001C TIN & TP'!$B$3:$B$10005&'DMR 001C TIN & TP'!$A$3:$A$10005),0),MATCH('Reg 85'!$O$11,'DMR 001C TIN & TP'!$A$2:$M$2,0))),"")} | X31: =IFERROR(IF(AA31<VALUE(Y31),"<",""),"") | Y31: {=_xlfn.IFNA((INDEX('DMR 001C TIN & TP'!$A$3:$M$10005,MATCH(('Reg 85'!$X$6&'Reg 85'!$X$10&'Reg 85'!$B31),('DMR 001C TIN & TP'!$E$3:$E$10005&'DMR 001C TIN & TP'!$B$3:$B$10005&'DMR 001C TIN & TP'!$A$3:$A$10005),0),MATCH('Reg 85'!$Y$11,'DMR 001C TIN & TP'!$A$2:$M$2,0))),"")} | Z31: {=_xlfn.IFNA((INDEX('DMR 001C TIN & TP'!$A$3:$M$10005,MATCH(('Reg 85'!$X$6&'Reg 85'!$X$10&'Reg 85'!$B31),('DMR 001C TIN & TP'!$E$3:$E$10005&'DMR 001C TIN & TP'!$B$3:$B$10005&'DMR 001C TIN & TP'!$A$3:$A$10005),0),MATCH('Reg 85'!$Z$11,'DMR 001C TIN & TP'!$A$2:$M$2,0))),"")} | AA31: =IFERROR(IF(VALUE(Z31)<VALUE(Y31),0,VALUE(Z31)),"") | AB31: =IFERROR(IF(AE31<VALUE(AC31),"<",""),"") | AC31: {=_xlfn.IFNA((INDEX('DMR 001C TIN & TP'!$A$3:$M$10005,MATCH(('Reg 85'!$X$6&'Reg 85'!$AB$10&'Reg 85'!$B31),('DMR 001C TIN & TP'!$E$3:$E$10005&'DMR 001C TIN & TP'!$B$3:$B$10005&'DMR 001C TIN & TP'!$A$3:$A$10005),0),MATCH('Reg 85'!$AC$11,'DMR 001C TIN & TP'!$A$2:$M$2,0))),"")} | AD31: {=_xlfn.IFNA((INDEX('DMR 001C TIN & TP'!$A$3:$M$10005,MATCH(('Reg 85'!$X$6&'Reg 85'!$AB$10&'Reg 85'!$B31),('DMR 001C TIN & TP'!$E$3:$E$10005&'DMR 001C TIN & TP'!$B$3:$B$10005&'DMR 001C TIN & TP'!$A$3:$A$10005),0),MATCH('Reg 85'!$AD$11,'DMR 001C TIN & TP'!$A$2:$M$2,0))),"")} | AE31: =IFERROR(IF(VALUE(AD31)<VALUE(AC31),0,VALUE(AD31)),"") | AF31: =IFERROR(((AA31*$F31)+(AE31*$G31))/($H31),"") | AG31: {=_xlfn.IFNA((INDEX('DMR 001C TIN & TP'!$A$3:$M$10005,MATCH(('Reg 85'!$X$6&'Reg 85'!AG$10&'Reg 85'!$B31),('DMR 001C TIN & TP'!$E$3:$E$10005&'DMR 001C TIN & TP'!$B$3:$B$10005&'DMR 001C TIN & TP'!$A$3:$A$10005),0),MATCH('Reg 85'!$AG$11,'DMR 001C TIN & TP'!$A$2:$M$2,0))),"")} | AH31: {=_xlfn.IFNA((INDEX('DMR 001C TIN & TP'!$A$3:$M$10005,MATCH(('Reg 85'!$X$6&'Reg 85'!AH$10&'Reg 85'!$B31),('DMR 001C TIN & TP'!$E$3:$E$10005&'DMR 001C TIN & TP'!$B$3:$B$10005&'DMR 001C TIN & TP'!$A$3:$A$10005),0),MATCH('Reg 85'!$AG$11,'DMR 001C TIN & TP'!$A$2:$M$2,0))),"")} | AI31: {=_xlfn.IFNA((INDEX('DMR 001C TIN & TP'!$A$3:$M$10005,MATCH(('Reg 85'!$X$6&'Reg 85'!AI$10&'Reg 85'!$B31),('DMR 001C TIN & TP'!$E$3:$E$10005&'DMR 001C TIN & TP'!$B$3:$B$10005&'DMR 001C TIN & TP'!$A$3:$A$10005),0),MATCH('Reg 85'!$AG$11,'DMR 001C TIN & TP'!$A$2:$M$2,0))),"")} | AJ31: {=_xlfn.IFNA((INDEX('DMR 001C TIN & TP'!$A$3:$M$10005,MATCH(('Reg 85'!$X$6&'Reg 85'!AJ$10&'Reg 85'!$B31),('DMR 001C TIN & TP'!$E$3:$E$10005&'DMR 001C TIN & TP'!$B$3:$B$10005&'DMR 001C TIN & TP'!$A$3:$A$10005),0),MATCH('Reg 85'!$AG$11,'DMR 001C TIN & TP'!$A$2:$M$2,0))),"")} | AK31: {=_xlfn.IFNA((INDEX('DMR 001C TIN & TP'!$A$3:$M$10005,MATCH(('Reg 85'!$X$6&'Reg 85'!AK$10&'Reg 85'!$B31),('DMR 001C TIN & TP'!$E$3:$E$10005&'DMR 001C TIN & TP'!$B$3:$B$10005&'DMR 001C TIN & TP'!$A$3:$A$10005),0),MATCH('Reg 85'!$AG$11,'DMR 001C TIN & TP'!$A$2:$M$2,0))),"")} | AL31: {=_xlfn.IFNA((INDEX('DMR 001C TIN & TP'!$A$3:$M$10005,MATCH(('Reg 85'!$X$6&'Reg 85'!AL$10&'Reg 85'!$B31),('DMR 001C TIN & TP'!$E$3:$E$10005&'DMR 001C TIN & TP'!$B$3:$B$10005&'DMR 001C TIN & TP'!$A$3:$A$10005),0),MATCH('Reg 85'!$AG$11,'DMR 001C TIN & TP'!$A$2:$M$2,0))),"")} | AO31: =IFERROR(Q31+AF31,"") | AP31: =IF(COUNT(IF((B1:B31<=C31)*(B1:B31>=D31)*(B31=EOMONTH(B31,0)),AO1:AO31,""))=0,"",COUNT(IF((B1:B31<=C31)*(B1:B31>=D31)*(B31=EOMONTH(B31,0)),AO1:AO31,""))) | AR31: {=_xlfn.IFNA((INDEX('DMR 001C TIN & TP'!$A$3:$M$10005,MATCH(('Reg 85'!$AQ$6&'Reg 85'!$AQ$10&'Reg 85'!$B31),('DMR 001C TIN & TP'!$E$3:$E$10005&'DMR 001C TIN & TP'!$B$3:$B$10005&'DMR 001C TIN & TP'!$A$3:$A$10005),0),MATCH('Reg 85'!$AR$11,'DMR 001C TIN & TP'!$A$2:$M$2,0))),"")} -> 0.03 | AS31: {=_xlfn.IFNA((INDEX('DMR 001C TIN & TP'!$A$3:$M$10005,MATCH(('Reg 85'!$AQ$6&'Reg 85'!$AQ$10&'Reg 85'!$B31),('DMR 001C TIN & TP'!$E$3:$E$10005&'DMR 001C TIN & TP'!$B$3:$B$10005&'DMR 001C TIN & TP'!$A$3:$A$10005),0),MATCH('Reg 85'!$AS$11,'DMR 001C TIN & TP'!$A$2:$M$2,0))),"")} -> 0.34 | AT31: =IFERROR(IF(VALUE(AS31)<VALUE(AR31),0,VALUE(AS31)),"") -> 0.34 | AV31: {=_xlfn.IFNA((INDEX('DMR 001C TIN & TP'!$A$3:$M$10005,MATCH(('Reg 85'!$AQ$6&'Reg 85'!$AU$10&'Reg 85'!$B31),('DMR 001C TIN & TP'!$E$3:$E$10005&'DMR 001C TIN & TP'!$B$3:$B$10005&'DMR 001C TIN & TP'!$A$3:$A$10005),0),MATCH('Reg 85'!$AV$11,'DMR 001C TIN & TP'!$A$2:$M$2,0))),"")} -> 0.03 | AW31: {=_xlfn.IFNA((INDEX('DMR 001C TIN & TP'!$A$3:$M$10005,MATCH(('Reg 85'!$AQ$6&'Reg 85'!$AU$10&'Reg 85'!$B31),('DMR 001C TIN & TP'!$E$3:$E$10005&'DMR 001C TIN & TP'!$B$3:$B$10005&'DMR 001C TIN & TP'!$A$3:$A$10005),0),MATCH('Reg 85'!$AW$11,'DMR 001C TIN & TP'!$A$2:$M$2,0))),"")} -> 2.81 | AX31: =IFERROR(IF(VALUE(AW31)<VALUE(AV31),0,VALUE(AW31)),"") -> 2.81 | AY31: =IFERROR(((AT31*$F31)+(AX31*$G31))/($H31),"") -> 1.8496137 | AZ31: =IF(COUNT(IF((#REF!<=C31)*(#REF!>=D31)*(B31=EOMONTH(B31,0)),#REF!,""))=0,"",COUNT(IF((#REF!<=C31)*(#REF!>=D31)*(B31=EOMONTH(B31,0)),#REF!,""))) | BA31: {=_xlfn.IFNA((INDEX('DMR 001C TIN & TP'!$A$3:$M$10005,MATCH(('Reg 85'!$AQ$6&'Reg 85'!BA$10&'Reg 85'!$B31),('DMR 001C TIN & TP'!$E$3:$E$10005&'DMR 001C TIN & TP'!$B$3:$B$10005&'DMR 001C TIN & TP'!$A$3:$A$10005),0),MATCH('Reg 85'!$AG$11,'DMR 001C TIN & TP'!$A$2:$M$2,0))),"")} | BB31: {=_xlfn.IFNA((INDEX('DMR 001C TIN & TP'!$A$3:$M$10005,MATCH(('Reg 85'!$AQ$6&'Reg 85'!BB$10&'Reg 85'!$B31),('DMR 001C TIN & TP'!$E$3:$E$10005&'DMR 001C TIN & TP'!$B$3:$B$10005&'DMR 001C TIN & TP'!$A$3:$A$10005),0),MATCH('Reg 85'!$AG$11,'DMR 001C TIN & TP'!$A$2:$M$2,0))),"")} | BC31: {=_xlfn.IFNA((INDEX('DMR 001C TIN & TP'!$A$3:$M$10005,MATCH(('Reg 85'!$AQ$6&'Reg 85'!BC$10&'Reg 85'!$B31),('DMR 001C TIN & TP'!$E$3:$E$10005&'DMR 001C TIN & TP'!$B$3:$B$10005&'DMR 001C TIN & TP'!$A$3:$A$10005),0),MATCH('Reg 85'!$AG$11,'DMR 001C TIN & TP'!$A$2:$M$2,0))),"")} | BD31: {=_xlfn.IFNA((INDEX('DMR 001C TIN & TP'!$A$3:$M$10005,MATCH(('Reg 85'!$AQ$6&'Reg 85'!BD$10&'Reg 85'!$B31),('DMR 001C TIN & TP'!$E$3:$E$10005&'DMR 001C TIN & TP'!$B$3:$B$10005&'DMR 001C TIN & TP'!$A$3:$A$10005),0),MATCH('Reg 85'!$AG$11,'DMR 001C TIN & TP'!$A$2:$M$2,0))),"")} | BE31: {=_xlfn.IFNA((INDEX('DMR 001C TIN & TP'!$A$3:$M$10005,MATCH(('Reg 85'!$AQ$6&'Reg 85'!BE$10&'Reg 85'!$B31),('DMR 001C TIN & TP'!$E$3:$E$10005&'DMR 001C TIN & TP'!$B$3:$B$10005&'DMR 001C TIN & TP'!$A$3:$A$10005),0),MATCH('Reg 85'!$AG$11,'DMR 001C TIN & TP'!$A$2:$M$2,0))),"")} | BF31: {=_xlfn.IFNA((INDEX('DMR 001C TIN & TP'!$A$3:$M$10005,MATCH(('Reg 85'!$AQ$6&'Reg 85'!BF$10&'Reg 85'!$B31),('DMR 001C TIN & TP'!$E$3:$E$10005&'DMR 001C TIN & TP'!$B$3:$B$10005&'DMR 001C TIN & TP'!$A$3:$A$10005),0),MATCH('Reg 85'!$AG$11,'DMR 001C TIN & TP'!$A$2:$M$2,0))),"")}
A32: =TEXT(B32,"ddd") -> Fri | B32: =B31+1 -> 43364 | C32: =EOMONTH(B32,0) -> 43373 | D32: =EOMONTH(B32,-1)+1 -> 43344 | E32: =DAY(EOMONTH(B32,0)) -> 30 | F32: {=_xlfn.IFNA(INDEX('DMR Flows-Effluent'!$A$3:$F$9999,MATCH(($F$10&$B32),('DMR Flows-Effluent'!$B$3:$B$9999&'DMR Flows-Effluent'!$A$3:$A$9999),0),MATCH($F$8,'DMR Flows-Effluent'!$A$2:$F$2,0)),"")} -> 42.5224 | G32: {=_xlfn.IFNA(INDEX('DMR Flows-Effluent'!$A$3:$F$9999,MATCH(($G$10&$B32),('DMR Flows-Effluent'!$B$3:$B$9999&'DMR Flows-Effluent'!$A$3:$A$9999),0),MATCH($F$8,'DMR Flows-Effluent'!$A$2:$F$2,0)),"")} -> 74.0356 | H32: =SUM(F32:G32) -> 116.558 | I32: =IFERROR(IF(L32<VALUE(J32),"<",""),"") | J32: {=_xlfn.IFNA((INDEX('DMR 001C TIN & TP'!$A$3:$M$10005,MATCH(('Reg 85'!$I$6:$Q$6&'Reg 85'!$I$10:$K$10&'Reg 85'!$B32),('DMR 001C TIN & TP'!$E$3:$E$10005&'DMR 001C TIN & TP'!$B$3:$B$10005&'DMR 001C TIN & TP'!$A$3:$A$10005),0),MATCH('Reg 85'!$J$11,'DMR 001C TIN & TP'!$A$2:$M$2,0))),"")} | K32: {=_xlfn.IFNA((INDEX('DMR 001C TIN & TP'!$A$3:$M$10005,MATCH(('Reg 85'!$I$6:$Q$6&'Reg 85'!$I$10:$K$10&'Reg 85'!$B32),('DMR 001C TIN & TP'!$E$3:$E$10005&'DMR 001C TIN & TP'!$B$3:$B$10005&'DMR 001C TIN & TP'!$A$3:$A$10005),0),MATCH('Reg 85'!$K$11,'DMR 001C TIN & TP'!$A$2:$M$2,0))),"")} | L32: =IFERROR(IF(VALUE(K32)<VALUE(J32),0,VALUE(K32)),"") | M32: =IFERROR(IF(P32<VALUE(N32),"<",""),"") | N32: {=_xlfn.IFNA((INDEX('DMR 001C TIN & TP'!$A$3:$M$10005,MATCH(('Reg 85'!$I$6:$Q$6&'Reg 85'!$M$10&'Reg 85'!$B32),('DMR 001C TIN & TP'!$E$3:$E$10005&'DMR 001C TIN & TP'!$B$3:$B$10005&'DMR 001C TIN & TP'!$A$3:$A$10005),0),MATCH('Reg 85'!$N$11,'DMR 001C TIN & TP'!$A$2:$M$2,0))),"")} | O32: {=_xlfn.IFNA((INDEX('DMR 001C TIN & TP'!$A$3:$M$10005,MATCH(('Reg 85'!$I$6:$Q$6&'Reg 85'!$M$10&'Reg 85'!$B32),('DMR 001C TIN & TP'!$E$3:$E$10005&'DMR 001C TIN & TP'!$B$3:$B$10005&'DMR 001C TIN & TP'!$A$3:$A$10005),0),MATCH('Reg 85'!$O$11,'DMR 001C TIN & TP'!$A$2:$M$2,0))),"")} | P32: =IFERROR(IF(VALUE(O32)<VALUE(N32),0,VALUE(O32)),"") | Q32: {=IFERROR(((L32*$F32)+(P32*$G32))/($H32),"")} | R32: {=_xlfn.IFNA((INDEX('DMR 001C TIN & TP'!$A$3:$M$10005,MATCH(('Reg 85'!$I$6:$Q$6&'Reg 85'!R$10&'Reg 85'!$B32),('DMR 001C TIN & TP'!$E$3:$E$10005&'DMR 001C TIN & TP'!$B$3:$B$10005&'DMR 001C TIN & TP'!$A$3:$A$10005),0),MATCH('Reg 85'!$O$11,'DMR 001C TIN & TP'!$A$2:$M$2,0))),"")} | S32: {=_xlfn.IFNA((INDEX('DMR 001C TIN & TP'!$A$3:$M$10005,MATCH(('Reg 85'!$I$6:$Q$6&'Reg 85'!S$10&'Reg 85'!$B32),('DMR 001C TIN & TP'!$E$3:$E$10005&'DMR 001C TIN & TP'!$B$3:$B$10005&'DMR 001C TIN & TP'!$A$3:$A$10005),0),MATCH('Reg 85'!$O$11,'DMR 001C TIN & TP'!$A$2:$M$2,0))),"")} | T32: {=_xlfn.IFNA((INDEX('DMR 001C TIN & TP'!$A$3:$M$10005,MATCH(('Reg 85'!$I$6:$Q$6&'Reg 85'!T$10&'Reg 85'!$B32),('DMR 001C TIN & TP'!$E$3:$E$10005&'DMR 001C TIN & TP'!$B$3:$B$10005&'DMR 001C TIN & TP'!$A$3:$A$10005),0),MATCH('Reg 85'!$O$11,'DMR 001C TIN & TP'!$A$2:$M$2,0))),"")} | U32: {=_xlfn.IFNA((INDEX('DMR 001C TIN & TP'!$A$3:$M$10005,MATCH(('Reg 85'!$I$6:$Q$6&'Reg 85'!U$10&'Reg 85'!$B32),('DMR 001C TIN & TP'!$E$3:$E$10005&'DMR 001C TIN & TP'!$B$3:$B$10005&'DMR 001C TIN & TP'!$A$3:$A$10005),0),MATCH('Reg 85'!$O$11,'DMR 001C TIN & TP'!$A$2:$M$2,0))),"")} | V32: {=_xlfn.IFNA((INDEX('DMR 001C TIN & TP'!$A$3:$M$10005,MATCH(('Reg 85'!$I$6:$Q$6&'Reg 85'!V$10&'Reg 85'!$B32),('DMR 001C TIN & TP'!$E$3:$E$10005&'DMR 001C TIN & TP'!$B$3:$B$10005&'DMR 001C TIN & TP'!$A$3:$A$10005),0),MATCH('Reg 85'!$O$11,'DMR 001C TIN & TP'!$A$2:$M$2,0))),"")} | W32: {=_xlfn.IFNA((INDEX('DMR 001C TIN & TP'!$A$3:$M$10005,MATCH(('Reg 85'!$I$6:$Q$6&'Reg 85'!W$10&'Reg 85'!$B32),('DMR 001C TIN & TP'!$E$3:$E$10005&'DMR 001C TIN & TP'!$B$3:$B$10005&'DMR 001C TIN & TP'!$A$3:$A$10005),0),MATCH('Reg 85'!$O$11,'DMR 001C TIN & TP'!$A$2:$M$2,0))),"")} | X32: =IFERROR(IF(AA32<VALUE(Y32),"<",""),"") | Y32: {=_xlfn.IFNA((INDEX('DMR 001C TIN & TP'!$A$3:$M$10005,MATCH(('Reg 85'!$X$6&'Reg 85'!$X$10&'Reg 85'!$B32),('DMR 001C TIN & TP'!$E$3:$E$10005&'DMR 001C TIN & TP'!$B$3:$B$10005&'DMR 001C TIN & TP'!$A$3:$A$10005),0),MATCH('Reg 85'!$Y$11,'DMR 001C TIN & TP'!$A$2:$M$2,0))),"")} | Z32: {=_xlfn.IFNA((INDEX('DMR 001C TIN & TP'!$A$3:$M$10005,MATCH(('Reg 85'!$X$6&'Reg 85'!$X$10&'Reg 85'!$B32),('DMR 001C TIN & TP'!$E$3:$E$10005&'DMR 001C TIN & TP'!$B$3:$B$10005&'DMR 001C TIN & TP'!$A$3:$A$10005),0),MATCH('Reg 85'!$Z$11,'DMR 001C TIN & TP'!$A$2:$M$2,0))),"")} | AA32: =IFERROR(IF(VALUE(Z32)<VALUE(Y32),0,VALUE(Z32)),"") | AB32: =IFERROR(IF(AE32<VALUE(AC32),"<",""),"") | AC32: {=_xlfn.IFNA((INDEX('DMR 001C TIN & TP'!$A$3:$M$10005,MATCH(('Reg 85'!$X$6&'Reg 85'!$AB$10&'Reg 85'!$B32),('DMR 001C TIN & TP'!$E$3:$E$10005&'DMR 001C TIN & TP'!$B$3:$B$10005&'DMR 001C TIN & TP'!$A$3:$A$10005),0),MATCH('Reg 85'!$AC$11,'DMR 001C TIN & TP'!$A$2:$M$2,0))),"")} | AD32: {=_xlfn.IFNA((INDEX('DMR 001C TIN & TP'!$A$3:$M$10005,MATCH(('Reg 85'!$X$6&'Reg 85'!$AB$10&'Reg 85'!$B32),('DMR 001C TIN & TP'!$E$3:$E$10005&'DMR 001C TIN & TP'!$B$3:$B$10005&'DMR 001C TIN & TP'!$A$3:$A$10005),0),MATCH('Reg 85'!$AD$11,'DMR 001C TIN & TP'!$A$2:$M$2,0))),"")} | AE32: =IFERROR(IF(VALUE(AD32)<VALUE(AC32),0,VALUE(AD32)),"") | AF32: =IFERROR(((AA32*$F32)+(AE32*$G32))/($H32),"") | AG32: {=_xlfn.IFNA((INDEX('DMR 001C TIN & TP'!$A$3:$M$10005,MATCH(('Reg 85'!$X$6&'Reg 85'!AG$10&'Reg 85'!$B32),('DMR 001C TIN & TP'!$E$3:$E$10005&'DMR 001C TIN & TP'!$B$3:$B$10005&'DMR 001C TIN & TP'!$A$3:$A$10005),0),MATCH('Reg 85'!$AG$11,'DMR 001C TIN & TP'!$A$2:$M$2,0))),"")} | AH32: {=_xlfn.IFNA((INDEX('DMR 001C TIN & TP'!$A$3:$M$10005,MATCH(('Reg 85'!$X$6&'Reg 85'!AH$10&'Reg 85'!$B32),('DMR 001C TIN & TP'!$E$3:$E$10005&'DMR 001C TIN & TP'!$B$3:$B$10005&'DMR 001C TIN & TP'!$A$3:$A$10005),0),MATCH('Reg 85'!$AG$11,'DMR 001C TIN & TP'!$A$2:$M$2,0))),"")} | AI32: {=_xlfn.IFNA((INDEX('DMR 001C TIN & TP'!$A$3:$M$10005,MATCH(('Reg 85'!$X$6&'Reg 85'!AI$10&'Reg 85'!$B32),('DMR 001C TIN & TP'!$E$3:$E$10005&'DMR 001C TIN & TP'!$B$3:$B$10005&'DMR 001C TIN & TP'!$A$3:$A$10005),0),MATCH('Reg 85'!$AG$11,'DMR 001C TIN & TP'!$A$2:$M$2,0))),"")} | AJ32: {=_xlfn.IFNA((INDEX('DMR 001C TIN & TP'!$A$3:$M$10005,MATCH(('Reg 85'!$X$6&'Reg 85'!AJ$10&'Reg 85'!$B32),('DMR 001C TIN & TP'!$E$3:$E$10005&'DMR 001C TIN & TP'!$B$3:$B$10005&'DMR 001C TIN & TP'!$A$3:$A$10005),0),MATCH('Reg 85'!$AG$11,'DMR 001C TIN & TP'!$A$2:$M$2,0))),"")} | AK32: {=_xlfn.IFNA((INDEX('DMR 001C TIN & TP'!$A$3:$M$10005,MATCH(('Reg 85'!$X$6&'Reg 85'!AK$10&'Reg 85'!$B32),('DMR 001C TIN & TP'!$E$3:$E$10005&'DMR 001C TIN & TP'!$B$3:$B$10005&'DMR 001C TIN & TP'!$A$3:$A$10005),0),MATCH('Reg 85'!$AG$11,'DMR 001C TIN & TP'!$A$2:$M$2,0))),"")} | AL32: {=_xlfn.IFNA((INDEX('DMR 001C TIN & TP'!$A$3:$M$10005,MATCH(('Reg 85'!$X$6&'Reg 85'!AL$10&'Reg 85'!$B32),('DMR 001C TIN & TP'!$E$3:$E$10005&'DMR 001C TIN & TP'!$B$3:$B$10005&'DMR 001C TIN & TP'!$A$3:$A$10005),0),MATCH('Reg 85'!$AG$11,'DMR 001C TIN & TP'!$A$2:$M$2,0))),"")} | AO32: =IFERROR(Q32+AF32,"") | AP32: =IF(COUNT(IF((B2:B32<=C32)*(B2:B32>=D32)*(B32=EOMONTH(B32,0)),AO2:AO32,""))=0,"",COUNT(IF((B2:B32<=C32)*(B2:B32>=D32)*(B32=EOMONTH(B32,0)),AO2:AO32,""))) | AR32: {=_xlfn.IFNA((INDEX('DMR 001C TIN & TP'!$A$3:$M$10005,MATCH(('Reg 85'!$AQ$6&'Reg 85'!$AQ$10&'Reg 85'!$B32),('DMR 001C TIN & TP'!$E$3:$E$10005&'DMR 001C TIN & TP'!$B$3:$B$10005&'DMR 001C TIN & TP'!$A$3:$A$10005),0),MATCH('Reg 85'!$AR$11,'DMR 001C TIN & TP'!$A$2:$M$2,0))),"")} | AS32: {=_xlfn.IFNA((INDEX('DMR 001C TIN & TP'!$A$3:$M$10005,MATCH(('Reg 85'!$AQ$6&'Reg 85'!$AQ$10&'Reg 85'!$B32),('DMR 001C TIN & TP'!$E$3:$E$10005&'DMR 001C TIN & TP'!$B$3:$B$10005&'DMR 001C TIN & TP'!$A$3:$A$10005),0),MATCH('Reg 85'!$AS$11,'DMR 001C TIN & TP'!$A$2:$M$2,0))),"")} | AT32: =IFERROR(IF(VALUE(AS32)<VALUE(AR32),0,VALUE(AS32)),"") | AV32: {=_xlfn.IFNA((INDEX('DMR 001C TIN & TP'!$A$3:$M$10005,MATCH(('Reg 85'!$AQ$6&'Reg 85'!$AU$10&'Reg 85'!$B32),('DMR 001C TIN & TP'!$E$3:$E$10005&'DMR 001C TIN & TP'!$B$3:$B$10005&'DMR 001C TIN & TP'!$A$3:$A$10005),0),MATCH('Reg 85'!$AV$11,'DMR 001C TIN & TP'!$A$2:$M$2,0))),"")} | AW32: {=_xlfn.IFNA((INDEX('DMR 001C TIN & TP'!$A$3:$M$10005,MATCH(('Reg 85'!$AQ$6&'Reg 85'!$AU$10&'Reg 85'!$B32),('DMR 001C TIN & TP'!$E$3:$E$10005&'DMR 001C TIN & TP'!$B$3:$B$10005&'DMR 001C TIN & TP'!$A$3:$A$10005),0),MATCH('Reg 85'!$AW$11,'DMR 001C TIN & TP'!$A$2:$M$2,0))),"")} | AX32: =IFERROR(IF(VALUE(AW32)<VALUE(AV32),0,VALUE(AW32)),"") | AY32: =IFERROR(((AT32*$F32)+(AX32*$G32))/($H32),"") | AZ32: =IF(COUNT(IF((#REF!<=C32)*(#REF!>=D32)*(B32=EOMONTH(B32,0)),#REF!,""))=0,"",COUNT(IF((#REF!<=C32)*(#REF!>=D32)*(B32=EOMONTH(B32,0)),#REF!,""))) | BA32: {=_xlfn.IFNA((INDEX('DMR 001C TIN & TP'!$A$3:$M$10005,MATCH(('Reg 85'!$AQ$6&'Reg 85'!BA$10&'Reg 85'!$B32),('DMR 001C TIN & TP'!$E$3:$E$10005&'DMR 001C TIN & TP'!$B$3:$B$10005&'DMR 001C TIN & TP'!$A$3:$A$10005),0),MATCH('Reg 85'!$AG$11,'DMR 001C TIN & TP'!$A$2:$M$2,0))),"")} | BB32: {=_xlfn.IFNA((INDEX('DMR 001C TIN & TP'!$A$3:$M$10005,MATCH(('Reg 85'!$AQ$6&'Reg 85'!BB$10&'Reg 85'!$B32),('DMR 001C TIN & TP'!$E$3:$E$10005&'DMR 001C TIN & TP'!$B$3:$B$10005&'DMR 001C TIN & TP'!$A$3:$A$10005),0),MATCH('Reg 85'!$AG$11,'DMR 001C TIN & TP'!$A$2:$M$2,0))),"")} | BC32: {=_xlfn.IFNA((INDEX('DMR 001C TIN & TP'!$A$3:$M$10005,MATCH(('Reg 85'!$AQ$6&'Reg 85'!BC$10&'Reg 85'!$B32),('DMR 001C TIN & TP'!$E$3:$E$10005&'DMR 001C TIN & TP'!$B$3:$B$10005&'DMR 001C TIN & TP'!$A$3:$A$10005),0),MATCH('Reg 85'!$AG$11,'DMR 001C TIN & TP'!$A$2:$M$2,0))),"")} | BD32: {=_xlfn.IFNA((INDEX('DMR 001C TIN & TP'!$A$3:$M$10005,MATCH(('Reg 85'!$AQ$6&'Reg 85'!BD$10&'Reg 85'!$B32),('DMR 001C TIN & TP'!$E$3:$E$10005&'DMR 001C TIN & TP'!$B$3:$B$10005&'DMR 001C TIN & TP'!$A$3:$A$10005),0),MATCH('Reg 85'!$AG$11,'DMR 001C TIN & TP'!$A$2:$M$2,0))),"")} | BE32: {=_xlfn.IFNA((INDEX('DMR 001C TIN & TP'!$A$3:$M$10005,MATCH(('Reg 85'!$AQ$6&'Reg 85'!BE$10&'Reg 85'!$B32),('DMR 001C TIN & TP'!$E$3:$E$10005&'DMR 001C TIN & TP'!$B$3:$B$10005&'DMR 001C TIN & TP'!$A$3:$A$10005),0),MATCH('Reg 85'!$AG$11,'DMR 001C TIN & TP'!$A$2:$M$2,0))),"")} | BF32: {=_xlfn.IFNA((INDEX('DMR 001C TIN & TP'!$A$3:$M$10005,MATCH(('Reg 85'!$AQ$6&'Reg 85'!BF$10&'Reg 85'!$B32),('DMR 001C TIN & TP'!$E$3:$E$10005&'DMR 001C TIN & TP'!$B$3:$B$10005&'DMR 001C TIN & TP'!$A$3:$A$10005),0),MATCH('Reg 85'!$AG$11,'DMR 001C TIN & TP'!$A$2:$M$2,0))),"")}
A33: =TEXT(B33,"ddd") -> Sat | B33: =B32+1 -> 43365 | C33: =EOMONTH(B33,0) -> 43373 | D33: =EOMONTH(B33,-1)+1 -> 43344 | E33: =DAY(EOMONTH(B33,0)) -> 30 | F33: {=_xlfn.IFNA(INDEX('DMR Flows-Effluent'!$A$3:$F$9999,MATCH(($F$10&$B33),('DMR Flows-Effluent'!$B$3:$B$9999&'DMR Flows-Effluent'!$A$3:$A$9999),0),MATCH($F$8,'DMR Flows-Effluent'!$A$2:$F$2,0)),"")} -> 48.0229 | G33: {=_xlfn.IFNA(INDEX('DMR Flows-Effluent'!$A$3:$F$9999,MATCH(($G$10&$B33),('DMR Flows-Effluent'!$B$3:$B$9999&'DMR Flows-Effluent'!$A$3:$A$9999),0),MATCH($F$8,'DMR Flows-Effluent'!$A$2:$F$2,0)),"")} -> 66.9509 | H33: =SUM(F33:G33) -> 114.9738 | I33: =IFERROR(IF(L33<VALUE(J33),"<",""),"") | J33: {=_xlfn.IFNA((INDEX('DMR 001C TIN & TP'!$A$3:$M$10005,MATCH(('Reg 85'!$I$6:$Q$6&'Reg 85'!$I$10:$K$10&'Reg 85'!$B33),('DMR 001C TIN & TP'!$E$3:$E$10005&'DMR 001C TIN & TP'!$B$3:$B$10005&'DMR 001C TIN & TP'!$A$3:$A$10005),0),MATCH('Reg 85'!$J$11,'DMR 001C TIN & TP'!$A$2:$M$2,0))),"")} | K33: {=_xlfn.IFNA((INDEX('DMR 001C TIN & TP'!$A$3:$M$10005,MATCH(('Reg 85'!$I$6:$Q$6&'Reg 85'!$I$10:$K$10&'Reg 85'!$B33),('DMR 001C TIN & TP'!$E$3:$E$10005&'DMR 001C TIN & TP'!$B$3:$B$10005&'DMR 001C TIN & TP'!$A$3:$A$10005),0),MATCH('Reg 85'!$K$11,'DMR 001C TIN & TP'!$A$2:$M$2,0))),"")} | L33: =IFERROR(IF(VALUE(K33)<VALUE(J33),0,VALUE(K33)),"") | M33: =IFERROR(IF(P33<VALUE(N33),"<",""),"") | N33: {=_xlfn.IFNA((INDEX('DMR 001C TIN & TP'!$A$3:$M$10005,MATCH(('Reg 85'!$I$6:$Q$6&'Reg 85'!$M$10&'Reg 85'!$B33),('DMR 001C TIN & TP'!$E$3:$E$10005&'DMR 001C TIN & TP'!$B$3:$B$10005&'DMR 001C TIN & TP'!$A$3:$A$10005),0),MATCH('Reg 85'!$N$11,'DMR 001C TIN & TP'!$A$2:$M$2,0))),"")} | O33: {=_xlfn.IFNA((INDEX('DMR 001C TIN & TP'!$A$3:$M$10005,MATCH(('Reg 85'!$I$6:$Q$6&'Reg 85'!$M$10&'Reg 85'!$B33),('DMR 001C TIN & TP'!$E$3:$E$10005&'DMR 001C TIN & TP'!$B$3:$B$10005&'DMR 001C TIN & TP'!$A$3:$A$10005),0),MATCH('Reg 85'!$O$11,'DMR 001C TIN & TP'!$A$2:$M$2,0))),"")} | P33: =IFERROR(IF(VALUE(O33)<VALUE(N33),0,VALUE(O33)),"") | Q33: {=IFERROR(((L33*$F33)+(P33*$G33))/($H33),"")} | R33: {=_xlfn.IFNA((INDEX('DMR 001C TIN & TP'!$A$3:$M$10005,MATCH(('Reg 85'!$I$6:$Q$6&'Reg 85'!R$10&'Reg 85'!$B33),('DMR 001C TIN & TP'!$E$3:$E$10005&'DMR 001C TIN & TP'!$B$3:$B$10005&'DMR 001C TIN & TP'!$A$3:$A$10005),0),MATCH('Reg 85'!$O$11,'DMR 001C TIN & TP'!$A$2:$M$2,0))),"")} | S33: {=_xlfn.IFNA((INDEX('DMR 001C TIN & TP'!$A$3:$M$10005,MATCH(('Reg 85'!$I$6:$Q$6&'Reg 85'!S$10&'Reg 85'!$B33),('DMR 001C TIN & TP'!$E$3:$E$10005&'DMR 001C TIN & TP'!$B$3:$B$10005&'DMR 001C TIN & TP'!$A$3:$A$10005),0),MATCH('Reg 85'!$O$11,'DMR 001C TIN & TP'!$A$2:$M$2,0))),"")} | T33: {=_xlfn.IFNA((INDEX('DMR 001C TIN & TP'!$A$3:$M$10005,MATCH(('Reg 85'!$I$6:$Q$6&'Reg 85'!T$10&'Reg 85'!$B33),('DMR 001C TIN & TP'!$E$3:$E$10005&'DMR 001C TIN & TP'!$B$3:$B$10005&'DMR 001C TIN & TP'!$A$3:$A$10005),0),MATCH('Reg 85'!$O$11,'DMR 001C TIN & TP'!$A$2:$M$2,0))),"")} | U33: {=_xlfn.IFNA((INDEX('DMR 001C TIN & TP'!$A$3:$M$10005,MATCH(('Reg 85'!$I$6:$Q$6&'Reg 85'!U$10&'Reg 85'!$B33),('DMR 001C TIN & TP'!$E$3:$E$10005&'DMR 001C TIN & TP'!$B$3:$B$10005&'DMR 001C TIN & TP'!$A$3:$A$10005),0),MATCH('Reg 85'!$O$11,'DMR 001C TIN & TP'!$A$2:$M$2,0))),"")} | V33: {=_xlfn.IFNA((INDEX('DMR 001C TIN & TP'!$A$3:$M$10005,MATCH(('Reg 85'!$I$6:$Q$6&'Reg 85'!V$10&'Reg 85'!$B33),('DMR 001C TIN & TP'!$E$3:$E$10005&'DMR 001C TIN & TP'!$B$3:$B$10005&'DMR 001C TIN & TP'!$A$3:$A$10005),0),MATCH('Reg 85'!$O$11,'DMR 001C TIN & TP'!$A$2:$M$2,0))),"")} | W33: {=_xlfn.IFNA((INDEX('DMR 001C TIN & TP'!$A$3:$M$10005,MATCH(('Reg 85'!$I$6:$Q$6&'Reg 85'!W$10&'Reg 85'!$B33),('DMR 001C TIN & TP'!$E$3:$E$10005&'DMR 001C TIN & TP'!$B$3:$B$10005&'DMR 001C TIN & TP'!$A$3:$A$10005),0),MATCH('Reg 85'!$O$11,'DMR 001C TIN & TP'!$A$2:$M$2,0))),"")} | X33: =IFERROR(IF(AA33<VALUE(Y33),"<",""),"") | Y33: {=_xlfn.IFNA((INDEX('DMR 001C TIN & TP'!$A$3:$M$10005,MATCH(('Reg 85'!$X$6&'Reg 85'!$X$10&'Reg 85'!$B33),('DMR 001C TIN & TP'!$E$3:$E$10005&'DMR 001C TIN & TP'!$B$3:$B$10005&'DMR 001C TIN & TP'!$A$3:$A$10005),0),MATCH('Reg 85'!$Y$11,'DMR 001C TIN & TP'!$A$2:$M$2,0))),"")} | Z33: {=_xlfn.IFNA((INDEX('DMR 001C TIN & TP'!$A$3:$M$10005,MATCH(('Reg 85'!$X$6&'Reg 85'!$X$10&'Reg 85'!$B33),('DMR 001C TIN & TP'!$E$3:$E$10005&'DMR 001C TIN & TP'!$B$3:$B$10005&'DMR 001C TIN & TP'!$A$3:$A$10005),0),MATCH('Reg 85'!$Z$11,'DMR 001C TIN & TP'!$A$2:$M$2,0))),"")} | AA33: =IFERROR(IF(VALUE(Z33)<VALUE(Y33),0,VALUE(Z33)),"") | AB33: =IFERROR(IF(AE33<VALUE(AC33),"<",""),"") | AC33: {=_xlfn.IFNA((INDEX('DMR 001C TIN & TP'!$A$3:$M$10005,MATCH(('Reg 85'!$X$6&'Reg 85'!$AB$10&'Reg 85'!$B33),('DMR 001C TIN & TP'!$E$3:$E$10005&'DMR 001C TIN & TP'!$B$3:$B$10005&'DMR 001C TIN & TP'!$A$3:$A$10005),0),MATCH('Reg 85'!$AC$11,'DMR 001C TIN & TP'!$A$2:$M$2,0))),"")} | AD33: {=_xlfn.IFNA((INDEX('DMR 001C TIN & TP'!$A$3:$M$10005,MATCH(('Reg 85'!$X$6&'Reg 85'!$AB$10&'Reg 85'!$B33),('DMR 001C TIN & TP'!$E$3:$E$10005&'DMR 001C TIN & TP'!$B$3:$B$10005&'DMR 001C TIN & TP'!$A$3:$A$10005),0),MATCH('Reg 85'!$AD$11,'DMR 001C TIN & TP'!$A$2:$M$2,0))),"")} | AE33: =IFERROR(IF(VALUE(AD33)<VALUE(AC33),0,VALUE(AD33)),"") | AF33: =IFERROR(((AA33*$F33)+(AE33*$G33))/($H33),"") | AG33: {=_xlfn.IFNA((INDEX('DMR 001C TIN & TP'!$A$3:$M$10005,MATCH(('Reg 85'!$X$6&'Reg 85'!AG$10&'Reg 85'!$B33),('DMR 001C TIN & TP'!$E$3:$E$10005&'DMR 001C TIN & TP'!$B$3:$B$10005&'DMR 001C TIN & TP'!$A$3:$A$10005),0),MATCH('Reg 85'!$AG$11,'DMR 001C TIN & TP'!$A$2:$M$2,0))),"")} | AH33: {=_xlfn.IFNA((INDEX('DMR 001C TIN & TP'!$A$3:$M$10005,MATCH(('Reg 85'!$X$6&'Reg 85'!AH$10&'Reg 85'!$B33),('DMR 001C TIN & TP'!$E$3:$E$10005&'DMR 001C TIN & TP'!$B$3:$B$10005&'DMR 001C TIN & TP'!$A$3:$A$10005),0),MATCH('Reg 85'!$AG$11,'DMR 001C TIN & TP'!$A$2:$M$2,0))),"")} | AI33: {=_xlfn.IFNA((INDEX('DMR 001C TIN & TP'!$A$3:$M$10005,MATCH(('Reg 85'!$X$6&'Reg 85'!AI$10&'Reg 85'!$B33),('DMR 001C TIN & TP'!$E$3:$E$10005&'DMR 001C TIN & TP'!$B$3:$B$10005&'DMR 001C TIN & TP'!$A$3:$A$10005),0),MATCH('Reg 85'!$AG$11,'DMR 001C TIN & TP'!$A$2:$M$2,0))),"")} | AJ33: {=_xlfn.IFNA((INDEX('DMR 001C TIN & TP'!$A$3:$M$10005,MATCH(('Reg 85'!$X$6&'Reg 85'!AJ$10&'Reg 85'!$B33),('DMR 001C TIN & TP'!$E$3:$E$10005&'DMR 001C TIN & TP'!$B$3:$B$10005&'DMR 001C TIN & TP'!$A$3:$A$10005),0),MATCH('Reg 85'!$AG$11,'DMR 001C TIN & TP'!$A$2:$M$2,0))),"")} | AK33: {=_xlfn.IFNA((INDEX('DMR 001C TIN & TP'!$A$3:$M$10005,MATCH(('Reg 85'!$X$6&'Reg 85'!AK$10&'Reg 85'!$B33),('DMR 001C TIN & TP'!$E$3:$E$10005&'DMR 001C TIN & TP'!$B$3:$B$10005&'DMR 001C TIN & TP'!$A$3:$A$10005),0),MATCH('Reg 85'!$AG$11,'DMR 001C TIN & TP'!$A$2:$M$2,0))),"")} | AL33: {=_xlfn.IFNA((INDEX('DMR 001C TIN & TP'!$A$3:$M$10005,MATCH(('Reg 85'!$X$6&'Reg 85'!AL$10&'Reg 85'!$B33),('DMR 001C TIN & TP'!$E$3:$E$10005&'DMR 001C TIN & TP'!$B$3:$B$10005&'DMR 001C TIN & TP'!$A$3:$A$10005),0),MATCH('Reg 85'!$AG$11,'DMR 001C TIN & TP'!$A$2:$M$2,0))),"")} | AO33: =IFERROR(Q33+AF33,"") | AP33: =IF(COUNT(IF((B3:B33<=C33)*(B3:B33>=D33)*(B33=EOMONTH(B33,0)),AO3:AO33,""))=0,"",COUNT(IF((B3:B33<=C33)*(B3:B33>=D33)*(B33=EOMONTH(B33,0)),AO3:AO33,""))) | AR33: {=_xlfn.IFNA((INDEX('DMR 001C TIN & TP'!$A$3:$M$10005,MATCH(('Reg 85'!$AQ$6&'Reg 85'!$AQ$10&'Reg 85'!$B33),('DMR 001C TIN & TP'!$E$3:$E$10005&'DMR 001C TIN & TP'!$B$3:$B$10005&'DMR 001C TIN & TP'!$A$3:$A$10005),0),MATCH('Reg 85'!$AR$11,'DMR 001C TIN & TP'!$A$2:$M$2,0))),"")} | AS33: {=_xlfn.IFNA((INDEX('DMR 001C TIN & TP'!$A$3:$M$10005,MATCH(('Reg 85'!$AQ$6&'Reg 85'!$AQ$10&'Reg 85'!$B33),('DMR 001C TIN & TP'!$E$3:$E$10005&'DMR 001C TIN & TP'!$B$3:$B$10005&'DMR 001C TIN & TP'!$A$3:$A$10005),0),MATCH('Reg 85'!$AS$11,'DMR 001C TIN & TP'!$A$2:$M$2,0))),"")} | AT33: =IFERROR(IF(VALUE(AS33)<VALUE(AR33),0,VALUE(AS33)),"") | AV33: {=_xlfn.IFNA((INDEX('DMR 001C TIN & TP'!$A$3:$M$10005,MATCH(('Reg 85'!$AQ$6&'Reg 85'!$AU$10&'Reg 85'!$B33),('DMR 001C TIN & TP'!$E$3:$E$10005&'DMR 001C TIN & TP'!$B$3:$B$10005&'DMR 001C TIN & TP'!$A$3:$A$10005),0),MATCH('Reg 85'!$AV$11,'DMR 001C TIN & TP'!$A$2:$M$2,0))),"")} | AW33: {=_xlfn.IFNA((INDEX('DMR 001C TIN & TP'!$A$3:$M$10005,MATCH(('Reg 85'!$AQ$6&'Reg 85'!$AU$10&'Reg 85'!$B33),('DMR 001C TIN & TP'!$E$3:$E$10005&'DMR 001C TIN & TP'!$B$3:$B$10005&'DMR 001C TIN & TP'!$A$3:$A$10005),0),MATCH('Reg 85'!$AW$11,'DMR 001C TIN & TP'!$A$2:$M$2,0))),"")} | AX33: =IFERROR(IF(VALUE(AW33)<VALUE(AV33),0,VALUE(AW33)),"") | AY33: =IFERROR(((AT33*$F33)+(AX33*$G33))/($H33),"") | AZ33: =IF(COUNT(IF((#REF!<=C33)*(#REF!>=D33)*(B33=EOMONTH(B33,0)),#REF!,""))=0,"",COUNT(IF((#REF!<=C33)*(#REF!>=D33)*(B33=EOMONTH(B33,0)),#REF!,""))) | BA33: {=_xlfn.IFNA((INDEX('DMR 001C TIN & TP'!$A$3:$M$10005,MATCH(('Reg 85'!$AQ$6&'Reg 85'!BA$10&'Reg 85'!$B33),('DMR 001C TIN & TP'!$E$3:$E$10005&'DMR 001C TIN & TP'!$B$3:$B$10005&'DMR 001C TIN & TP'!$A$3:$A$10005),0),MATCH('Reg 85'!$AG$11,'DMR 001C TIN & TP'!$A$2:$M$2,0))),"")} | BB33: {=_xlfn.IFNA((INDEX('DMR 001C TIN & TP'!$A$3:$M$10005,MATCH(('Reg 85'!$AQ$6&'Reg 85'!BB$10&'Reg 85'!$B33),('DMR 001C TIN & TP'!$E$3:$E$10005&'DMR 001C TIN & TP'!$B$3:$B$10005&'DMR 001C TIN & TP'!$A$3:$A$10005),0),MATCH('Reg 85'!$AG$11,'DMR 001C TIN & TP'!$A$2:$M$2,0))),"")} | BC33: {=_xlfn.IFNA((INDEX('DMR 001C TIN & TP'!$A$3:$M$10005,MATCH(('Reg 85'!$AQ$6&'Reg 85'!BC$10&'Reg 85'!$B33),('DMR 001C TIN & TP'!$E$3:$E$10005&'DMR 001C TIN & TP'!$B$3:$B$10005&'DMR 001C TIN & TP'!$A$3:$A$10005),0),MATCH('Reg 85'!$AG$11,'DMR 001C TIN & TP'!$A$2:$M$2,0))),"")} | BD33: {=_xlfn.IFNA((INDEX('DMR 001C TIN & TP'!$A$3:$M$10005,MATCH(('Reg 85'!$AQ$6&'Reg 85'!BD$10&'Reg 85'!$B33),('DMR 001C TIN & TP'!$E$3:$E$10005&'DMR 001C TIN & TP'!$B$3:$B$10005&'DMR 001C TIN & TP'!$A$3:$A$10005),0),MATCH('Reg 85'!$AG$11,'DMR 001C TIN & TP'!$A$2:$M$2,0))),"")} | BE33: {=_xlfn.IFNA((INDEX('DMR 001C TIN & TP'!$A$3:$M$10005,MATCH(('Reg 85'!$AQ$6&'Reg 85'!BE$10&'Reg 85'!$B33),('DMR 001C TIN & TP'!$E$3:$E$10005&'DMR 001C TIN & TP'!$B$3:$B$10005&'DMR 001C TIN & TP'!$A$3:$A$10005),0),MATCH('Reg 85'!$AG$11,'DMR 001C TIN & TP'!$A$2:$M$2,0))),"")} | BF33: {=_xlfn.IFNA((INDEX('DMR 001C TIN & TP'!$A$3:$M$10005,MATCH(('Reg 85'!$AQ$6&'Reg 85'!BF$10&'Reg 85'!$B33),('DMR 001C TIN & TP'!$E$3:$E$10005&'DMR 001C TIN & TP'!$B$3:$B$10005&'DMR 001C TIN & TP'!$A$3:$A$10005),0),MATCH('Reg 85'!$AG$11,'DMR 001C TIN & TP'!$A$2:$M$2,0))),"")}
A34: =TEXT(B34,"ddd") -> Sun | B34: =B33+1 -> 43366 | C34: =EOMONTH(B34,0) -> 43373 | D34: =EOMONTH(B34,-1)+1 -> 43344 | E34: =DAY(EOMONTH(B34,0)) -> 30 | F34: {=_xlfn.IFNA(INDEX('DMR Flows-Effluent'!$A$3:$F$9999,MATCH(($F$10&$B34),('DMR Flows-Effluent'!$B$3:$B$9999&'DMR Flows-Effluent'!$A$3:$A$9999),0),MATCH($F$8,'DMR Flows-Effluent'!$A$2:$F$2,0)),"")} -> 49.2136 | G34: {=_xlfn.IFNA(INDEX('DMR Flows-Effluent'!$A$3:$F$9999,MATCH(($G$10&$B34),('DMR Flows-Effluent'!$B$3:$B$9999&'DMR Flows-Effluent'!$A$3:$A$9999),0),MATCH($F$8,'DMR Flows-Effluent'!$A$2:$F$2,0)),"")} -> 68.6087 | H34: =SUM(F34:G34) -> 117.8223 | I34: =IFERROR(IF(L34<VALUE(J34),"<",""),"") | J34: {=_xlfn.IFNA((INDEX('DMR 001C TIN & TP'!$A$3:$M$10005,MATCH(('Reg 85'!$I$6:$Q$6&'Reg 85'!$I$10:$K$10&'Reg 85'!$B34),('DMR 001C TIN & TP'!$E$3:$E$10005&'DMR 001C TIN & TP'!$B$3:$B$10005&'DMR 001C TIN & TP'!$A$3:$A$10005),0),MATCH('Reg 85'!$J$11,'DMR 001C TIN & TP'!$A$2:$M$2,0))),"")} | K34: {=_xlfn.IFNA((INDEX('DMR 001C TIN & TP'!$A$3:$M$10005,MATCH(('Reg 85'!$I$6:$Q$6&'Reg 85'!$I$10:$K$10&'Reg 85'!$B34),('DMR 001C TIN & TP'!$E$3:$E$10005&'DMR 001C TIN & TP'!$B$3:$B$10005&'DMR 001C TIN & TP'!$A$3:$A$10005),0),MATCH('Reg 85'!$K$11,'DMR 001C TIN & TP'!$A$2:$M$2,0))),"")} | L34: =IFERROR(IF(VALUE(K34)<VALUE(J34),0,VALUE(K34)),"") | M34: =IFERROR(IF(P34<VALUE(N34),"<",""),"") | N34: {=_xlfn.IFNA((INDEX('DMR 001C TIN & TP'!$A$3:$M$10005,MATCH(('Reg 85'!$I$6:$Q$6&'Reg 85'!$M$10&'Reg 85'!$B34),('DMR 001C TIN & TP'!$E$3:$E$10005&'DMR 001C TIN & TP'!$B$3:$B$10005&'DMR 001C TIN & TP'!$A$3:$A$10005),0),MATCH('Reg 85'!$N$11,'DMR 001C TIN & TP'!$A$2:$M$2,0))),"")} | O34: {=_xlfn.IFNA((INDEX('DMR 001C TIN & TP'!$A$3:$M$10005,MATCH(('Reg 85'!$I$6:$Q$6&'Reg 85'!$M$10&'Reg 85'!$B34),('DMR 001C TIN & TP'!$E$3:$E$10005&'DMR 001C TIN & TP'!$B$3:$B$10005&'DMR 001C TIN & TP'!$A$3:$A$10005),0),MATCH('Reg 85'!$O$11,'DMR 001C TIN & TP'!$A$2:$M$2,0))),"")} | P34: =IFERROR(IF(VALUE(O34)<VALUE(N34),0,VALUE(O34)),"") | Q34: {=IFERROR(((L34*$F34)+(P34*$G34))/($H34),"")} | R34: {=_xlfn.IFNA((INDEX('DMR 001C TIN & TP'!$A$3:$M$10005,MATCH(('Reg 85'!$I$6:$Q$6&'Reg 85'!R$10&'Reg 85'!$B34),('DMR 001C TIN & TP'!$E$3:$E$10005&'DMR 001C TIN & TP'!$B$3:$B$10005&'DMR 001C TIN & TP'!$A$3:$A$10005),0),MATCH('Reg 85'!$O$11,'DMR 001C TIN & TP'!$A$2:$M$2,0))),"")} | S34: {=_xlfn.IFNA((INDEX('DMR 001C TIN & TP'!$A$3:$M$10005,MATCH(('Reg 85'!$I$6:$Q$6&'Reg 85'!S$10&'Reg 85'!$B34),('DMR 001C TIN & TP'!$E$3:$E$10005&'DMR 001C TIN & TP'!$B$3:$B$10005&'DMR 001C TIN & TP'!$A$3:$A$10005),0),MATCH('Reg 85'!$O$11,'DMR 001C TIN & TP'!$A$2:$M$2,0))),"")} | T34: {=_xlfn.IFNA((INDEX('DMR 001C TIN & TP'!$A$3:$M$10005,MATCH(('Reg 85'!$I$6:$Q$6&'Reg 85'!T$10&'Reg 85'!$B34),('DMR 001C TIN & TP'!$E$3:$E$10005&'DMR 001C TIN & TP'!$B$3:$B$10005&'DMR 001C TIN & TP'!$A$3:$A$10005),0),MATCH('Reg 85'!$O$11,'DMR 001C TIN & TP'!$A$2:$M$2,0))),"")} | U34: {=_xlfn.IFNA((INDEX('DMR 001C TIN & TP'!$A$3:$M$10005,MATCH(('Reg 85'!$I$6:$Q$6&'Reg 85'!U$10&'Reg 85'!$B34),('DMR 001C TIN & TP'!$E$3:$E$10005&'DMR 001C TIN & TP'!$B$3:$B$10005&'DMR 001C TIN & TP'!$A$3:$A$10005),0),MATCH('Reg 85'!$O$11,'DMR 001C TIN & TP'!$A$2:$M$2,0))),"")} | V34: {=_xlfn.IFNA((INDEX('DMR 001C TIN & TP'!$A$3:$M$10005,MATCH(('Reg 85'!$I$6:$Q$6&'Reg 85'!V$10&'Reg 85'!$B34),('DMR 001C TIN & TP'!$E$3:$E$10005&'DMR 001C TIN & TP'!$B$3:$B$10005&'DMR 001C TIN & TP'!$A$3:$A$10005),0),MATCH('Reg 85'!$O$11,'DMR 001C TIN & TP'!$A$2:$M$2,0))),"")} | W34: {=_xlfn.IFNA((INDEX('DMR 001C TIN & TP'!$A$3:$M$10005,MATCH(('Reg 85'!$I$6:$Q$6&'Reg 85'!W$10&'Reg 85'!$B34),('DMR 001C TIN & TP'!$E$3:$E$10005&'DMR 001C TIN & TP'!$B$3:$B$10005&'DMR 001C TIN & TP'!$A$3:$A$10005),0),MATCH('Reg 85'!$O$11,'DMR 001C TIN & TP'!$A$2:$M$2,0))),"")} | X34: =IFERROR(IF(AA34<VALUE(Y34),"<",""),"") | Y34: {=_xlfn.IFNA((INDEX('DMR 001C TIN & TP'!$A$3:$M$10005,MATCH(('Reg 85'!$X$6&'Reg 85'!$X$10&'Reg 85'!$B34),('DMR 001C TIN & TP'!$E$3:$E$10005&'DMR 001C TIN & TP'!$B$3:$B$10005&'DMR 001C TIN & TP'!$A$3:$A$10005),0),MATCH('Reg 85'!$Y$11,'DMR 001C TIN & TP'!$A$2:$M$2,0))),"")} | Z34: {=_xlfn.IFNA((INDEX('DMR 001C TIN & TP'!$A$3:$M$10005,MATCH(('Reg 85'!$X$6&'Reg 85'!$X$10&'Reg 85'!$B34),('DMR 001C TIN & TP'!$E$3:$E$10005&'DMR 001C TIN & TP'!$B$3:$B$10005&'DMR 001C TIN & TP'!$A$3:$A$10005),0),MATCH('Reg 85'!$Z$11,'DMR 001C TIN & TP'!$A$2:$M$2,0))),"")} | AA34: =IFERROR(IF(VALUE(Z34)<VALUE(Y34),0,VALUE(Z34)),"") | AB34: =IFERROR(IF(AE34<VALUE(AC34),"<",""),"") | AC34: {=_xlfn.IFNA((INDEX('DMR 001C TIN & TP'!$A$3:$M$10005,MATCH(('Reg 85'!$X$6&'Reg 85'!$AB$10&'Reg 85'!$B34),('DMR 001C TIN & TP'!$E$3:$E$10005&'DMR 001C TIN & TP'!$B$3:$B$10005&'DMR 001C TIN & TP'!$A$3:$A$10005),0),MATCH('Reg 85'!$AC$11,'DMR 001C TIN & TP'!$A$2:$M$2,0))),"")} | AD34: {=_xlfn.IFNA((INDEX('DMR 001C TIN & TP'!$A$3:$M$10005,MATCH(('Reg 85'!$X$6&'Reg 85'!$AB$10&'Reg 85'!$B34),('DMR 001C TIN & TP'!$E$3:$E$10005&'DMR 001C TIN & TP'!$B$3:$B$10005&'DMR 001C TIN & TP'!$A$3:$A$10005),0),MATCH('Reg 85'!$AD$11,'DMR 001C TIN & TP'!$A$2:$M$2,0))),"")} | AE34: =IFERROR(IF(VALUE(AD34)<VALUE(AC34),0,VALUE(AD34)),"") | AF34: =IFERROR(((AA34*$F34)+(AE34*$G34))/($H34),"") | AG34: {=_xlfn.IFNA((INDEX('DMR 001C TIN & TP'!$A$3:$M$10005,MATCH(('Reg 85'!$X$6&'Reg 85'!AG$10&'Reg 85'!$B34),('DMR 001C TIN & TP'!$E$3:$E$10005&'DMR 001C TIN & TP'!$B$3:$B$10005&'DMR 001C TIN & TP'!$A$3:$A$10005),0),MATCH('Reg 85'!$AG$11,'DMR 001C TIN & TP'!$A$2:$M$2,0))),"")} | AH34: {=_xlfn.IFNA((INDEX('DMR 001C TIN & TP'!$A$3:$M$10005,MATCH(('Reg 85'!$X$6&'Reg 85'!AH$10&'Reg 85'!$B34),('DMR 001C TIN & TP'!$E$3:$E$10005&'DMR 001C TIN & TP'!$B$3:$B$10005&'DMR 001C TIN & TP'!$A$3:$A$10005),0),MATCH('Reg 85'!$AG$11,'DMR 001C TIN & TP'!$A$2:$M$2,0))),"")} | AI34: {=_xlfn.IFNA((INDEX('DMR 001C TIN & TP'!$A$3:$M$10005,MATCH(('Reg 85'!$X$6&'Reg 85'!AI$10&'Reg 85'!$B34),('DMR 001C TIN & TP'!$E$3:$E$10005&'DMR 001C TIN & TP'!$B$3:$B$10005&'DMR 001C TIN & TP'!$A$3:$A$10005),0),MATCH('Reg 85'!$AG$11,'DMR 001C TIN & TP'!$A$2:$M$2,0))),"")} | AJ34: {=_xlfn.IFNA((INDEX('DMR 001C TIN & TP'!$A$3:$M$10005,MATCH(('Reg 85'!$X$6&'Reg 85'!AJ$10&'Reg 85'!$B34),('DMR 001C TIN & TP'!$E$3:$E$10005&'DMR 001C TIN & TP'!$B$3:$B$10005&'DMR 001C TIN & TP'!$A$3:$A$10005),0),MATCH('Reg 85'!$AG$11,'DMR 001C TIN & TP'!$A$2:$M$2,0))),"")} | AK34: {=_xlfn.IFNA((INDEX('DMR 001C TIN & TP'!$A$3:$M$10005,MATCH(('Reg 85'!$X$6&'Reg 85'!AK$10&'Reg 85'!$B34),('DMR 001C TIN & TP'!$E$3:$E$10005&'DMR 001C TIN & TP'!$B$3:$B$10005&'DMR 001C TIN & TP'!$A$3:$A$10005),0),MATCH('Reg 85'!$AG$11,'DMR 001C TIN & TP'!$A$2:$M$2,0))),"")} | AL34: {=_xlfn.IFNA((INDEX('DMR 001C TIN & TP'!$A$3:$M$10005,MATCH(('Reg 85'!$X$6&'Reg 85'!AL$10&'Reg 85'!$B34),('DMR 001C TIN & TP'!$E$3:$E$10005&'DMR 001C TIN & TP'!$B$3:$B$10005&'DMR 001C TIN & TP'!$A$3:$A$10005),0),MATCH('Reg 85'!$AG$11,'DMR 001C TIN & TP'!$A$2:$M$2,0))),"")} | AO34: =IFERROR(Q34+AF34,"") | AP34: =IF(COUNT(IF((B4:B34<=C34)*(B4:B34>=D34)*(B34=EOMONTH(B34,0)),AO4:AO34,""))=0,"",COUNT(IF((B4:B34<=C34)*(B4:B34>=D34)*(B34=EOMONTH(B34,0)),AO4:AO34,""))) | AR34: {=_xlfn.IFNA((INDEX('DMR 001C TIN & TP'!$A$3:$M$10005,MATCH(('Reg 85'!$AQ$6&'Reg 85'!$AQ$10&'Reg 85'!$B34),('DMR 001C TIN & TP'!$E$3:$E$10005&'DMR 001C TIN & TP'!$B$3:$B$10005&'DMR 001C TIN & TP'!$A$3:$A$10005),0),MATCH('Reg 85'!$AR$11,'DMR 001C TIN & TP'!$A$2:$M$2,0))),"")} -> 0.03 | AS34: {=_xlfn.IFNA((INDEX('DMR 001C TIN & TP'!$A$3:$M$10005,MATCH(('Reg 85'!$AQ$6&'Reg 85'!$AQ$10&'Reg 85'!$B34),('DMR 001C TIN & TP'!$E$3:$E$10005&'DMR 001C TIN & TP'!$B$3:$B$10005&'DMR 001C TIN & TP'!$A$3:$A$10005),0),MATCH('Reg 85'!$AS$11,'DMR 001C TIN & TP'!$A$2:$M$2,0))),"")} -> 0.3 | AT34: =IFERROR(IF(VALUE(AS34)<VALUE(AR34),0,VALUE(AS34)),"") -> 0.3 | AV34: {=_xlfn.IFNA((INDEX('DMR 001C TIN & TP'!$A$3:$M$10005,MATCH(('Reg 85'!$AQ$6&'Reg 85'!$AU$10&'Reg 85'!$B34),('DMR 001C TIN & TP'!$E$3:$E$10005&'DMR 001C TIN & TP'!$B$3:$B$10005&'DMR 001C TIN & TP'!$A$3:$A$10005),0),MATCH('Reg 85'!$AV$11,'DMR 001C TIN & TP'!$A$2:$M$2,0))),"")} -> 0.03 | AW34: {=_xlfn.IFNA((INDEX('DMR 001C TIN & TP'!$A$3:$M$10005,MATCH(('Reg 85'!$AQ$6&'Reg 85'!$AU$10&'Reg 85'!$B34),('DMR 001C TIN & TP'!$E$3:$E$10005&'DMR 001C TIN & TP'!$B$3:$B$10005&'DMR 001C TIN & TP'!$A$3:$A$10005),0),MATCH('Reg 85'!$AW$11,'DMR 001C TIN & TP'!$A$2:$M$2,0))),"")} -> 0.78 | AX34: =IFERROR(IF(VALUE(AW34)<VALUE(AV34),0,VALUE(AW34)),"") -> 0.78 | AY34: =IFERROR(((AT34*$F34)+(AX34*$G34))/($H34),"") -> 0.57950716 | AZ34: =IF(COUNT(IF((#REF!<=C34)*(#REF!>=D34)*(B34=EOMONTH(B34,0)),#REF!,""))=0,"",COUNT(IF((#REF!<=C34)*(#REF!>=D34)*(B34=EOMONTH(B34,0)),#REF!,""))) | BA34: {=_xlfn.IFNA((INDEX('DMR 001C TIN & TP'!$A$3:$M$10005,MATCH(('Reg 85'!$AQ$6&'Reg 85'!BA$10&'Reg 85'!$B34),('DMR 001C TIN & TP'!$E$3:$E$10005&'DMR 001C TIN & TP'!$B$3:$B$10005&'DMR 001C TIN & TP'!$A$3:$A$10005),0),MATCH('Reg 85'!$AG$11,'DMR 001C TIN & TP'!$A$2:$M$2,0))),"")} | BB34: {=_xlfn.IFNA((INDEX('DMR 001C TIN & TP'!$A$3:$M$10005,MATCH(('Reg 85'!$AQ$6&'Reg 85'!BB$10&'Reg 85'!$B34),('DMR 001C TIN & TP'!$E$3:$E$10005&'DMR 001C TIN & TP'!$B$3:$B$10005&'DMR 001C TIN & TP'!$A$3:$A$10005),0),MATCH('Reg 85'!$AG$11,'DMR 001C TIN & TP'!$A$2:$M$2,0))),"")} | BC34: {=_xlfn.IFNA((INDEX('DMR 001C TIN & TP'!$A$3:$M$10005,MATCH(('Reg 85'!$AQ$6&'Reg 85'!BC$10&'Reg 85'!$B34),('DMR 001C TIN & TP'!$E$3:$E$10005&'DMR 001C TIN & TP'!$B$3:$B$10005&'DMR 001C TIN & TP'!$A$3:$A$10005),0),MATCH('Reg 85'!$AG$11,'DMR 001C TIN & TP'!$A$2:$M$2,0))),"")} | BD34: {=_xlfn.IFNA((INDEX('DMR 001C TIN & TP'!$A$3:$M$10005,MATCH(('Reg 85'!$AQ$6&'Reg 85'!BD$10&'Reg 85'!$B34),('DMR 001C TIN & TP'!$E$3:$E$10005&'DMR 001C TIN & TP'!$B$3:$B$10005&'DMR 001C TIN & TP'!$A$3:$A$10005),0),MATCH('Reg 85'!$AG$11,'DMR 001C TIN & TP'!$A$2:$M$2,0))),"")} | BE34: {=_xlfn.IFNA((INDEX('DMR 001C TIN & TP'!$A$3:$M$10005,MATCH(('Reg 85'!$AQ$6&'Reg 85'!BE$10&'Reg 85'!$B34),('DMR 001C TIN & TP'!$E$3:$E$10005&'DMR 001C TIN & TP'!$B$3:$B$10005&'DMR 001C TIN & TP'!$A$3:$A$10005),0),MATCH('Reg 85'!$AG$11,'DMR 001C TIN & TP'!$A$2:$M$2,0))),"")} | BF34: {=_xlfn.IFNA((INDEX('DMR 001C TIN & TP'!$A$3:$M$10005,MATCH(('Reg 85'!$AQ$6&'Reg 85'!BF$10&'Reg 85'!$B34),('DMR 001C TIN & TP'!$E$3:$E$10005&'DMR 001C TIN & TP'!$B$3:$B$10005&'DMR 001C TIN & TP'!$A$3:$A$10005),0),MATCH('Reg 85'!$AG$11,'DMR 001C TIN & TP'!$A$2:$M$2,0))),"")}
A35: =TEXT(B35,"ddd") -> Mon | B35: =B34+1 -> 43367 | C35: =EOMONTH(B35,0) -> 43373 | D35: =EOMONTH(B35,-1)+1 -> 43344 | E35: =DAY(EOMONTH(B35,0)) -> 30 | F35: {=_xlfn.IFNA(INDEX('DMR Flows-Effluent'!$A$3:$F$9999,MATCH(($F$10&$B35),('DMR Flows-Effluent'!$B$3:$B$9999&'DMR Flows-Effluent'!$A$3:$A$9999),0),MATCH($F$8,'DMR Flows-Effluent'!$A$2:$F$2,0)),"")} -> 43.9705 | G35: {=_xlfn.IFNA(INDEX('DMR Flows-Effluent'!$A$3:$F$9999,MATCH(($G$10&$B35),('DMR Flows-Effluent'!$B$3:$B$9999&'DMR Flows-Effluent'!$A$3:$A$9999),0),MATCH($F$8,'DMR Flows-Effluent'!$A$2:$F$2,0)),"")} -> 70.5026 | H35: =SUM(F35:G35) -> 114.4731 | I35: =IFERROR(IF(L35<VALUE(J35),"<",""),"") | J35: {=_xlfn.IFNA((INDEX('DMR 001C TIN & TP'!$A$3:$M$10005,MATCH(('Reg 85'!$I$6:$Q$6&'Reg 85'!$I$10:$K$10&'Reg 85'!$B35),('DMR 001C TIN & TP'!$E$3:$E$10005&'DMR 001C TIN & TP'!$B$3:$B$10005&'DMR 001C TIN & TP'!$A$3:$A$10005),0),MATCH('Reg 85'!$J$11,'DMR 001C TIN & TP'!$A$2:$M$2,0))),"")} -> 0.15 | K35: {=_xlfn.IFNA((INDEX('DMR 001C TIN & TP'!$A$3:$M$10005,MATCH(('Reg 85'!$I$6:$Q$6&'Reg 85'!$I$10:$K$10&'Reg 85'!$B35),('DMR 001C TIN & TP'!$E$3:$E$10005&'DMR 001C TIN & TP'!$B$3:$B$10005&'DMR 001C TIN & TP'!$A$3:$A$10005),0),MATCH('Reg 85'!$K$11,'DMR 001C TIN & TP'!$A$2:$M$2,0))),"")} -> 0.28 | L35: =IFERROR(IF(VALUE(K35)<VALUE(J35),0,VALUE(K35)),"") -> 0.28 | M35: =IFERROR(IF(P35<VALUE(N35),"<",""),"") | N35: {=_xlfn.IFNA((INDEX('DMR 001C TIN & TP'!$A$3:$M$10005,MATCH(('Reg 85'!$I$6:$Q$6&'Reg 85'!$M$10&'Reg 85'!$B35),('DMR 001C TIN & TP'!$E$3:$E$10005&'DMR 001C TIN & TP'!$B$3:$B$10005&'DMR 001C TIN & TP'!$A$3:$A$10005),0),MATCH('Reg 85'!$N$11,'DMR 001C TIN & TP'!$A$2:$M$2,0))),"")} -> 0.15 | O35: {=_xlfn.IFNA((INDEX('DMR 001C TIN & TP'!$A$3:$M$10005,MATCH(('Reg 85'!$I$6:$Q$6&'Reg 85'!$M$10&'Reg 85'!$B35),('DMR 001C TIN & TP'!$E$3:$E$10005&'DMR 001C TIN & TP'!$B$3:$B$10005&'DMR 001C TIN & TP'!$A$3:$A$10005),0),MATCH('Reg 85'!$O$11,'DMR 001C TIN & TP'!$A$2:$M$2,0))),"")} -> 0.64 | P35: =IFERROR(IF(VALUE(O35)<VALUE(N35),0,VALUE(O35)),"") -> 0.64 | Q35: {=IFERROR(((L35*$F35)+(P35*$G35))/($H35),"")} -> 0.50171965 | R35: {=_xlfn.IFNA((INDEX('DMR 001C TIN & TP'!$A$3:$M$10005,MATCH(('Reg 85'!$I$6:$Q$6&'Reg 85'!R$10&'Reg 85'!$B35),('DMR 001C TIN & TP'!$E$3:$E$10005&'DMR 001C TIN & TP'!$B$3:$B$10005&'DMR 001C TIN & TP'!$A$3:$A$10005),0),MATCH('Reg 85'!$O$11,'DMR 001C TIN & TP'!$A$2:$M$2,0))),"")} | S35: {=_xlfn.IFNA((INDEX('DMR 001C TIN & TP'!$A$3:$M$10005,MATCH(('Reg 85'!$I$6:$Q$6&'Reg 85'!S$10&'Reg 85'!$B35),('DMR 001C TIN & TP'!$E$3:$E$10005&'DMR 001C TIN & TP'!$B$3:$B$10005&'DMR 001C TIN & TP'!$A$3:$A$10005),0),MATCH('Reg 85'!$O$11,'DMR 001C TIN & TP'!$A$2:$M$2,0))),"")} | T35: {=_xlfn.IFNA((INDEX('DMR 001C TIN & TP'!$A$3:$M$10005,MATCH(('Reg 85'!$I$6:$Q$6&'Reg 85'!T$10&'Reg 85'!$B35),('DMR 001C TIN & TP'!$E$3:$E$10005&'DMR 001C TIN & TP'!$B$3:$B$10005&'DMR 001C TIN & TP'!$A$3:$A$10005),0),MATCH('Reg 85'!$O$11,'DMR 001C TIN & TP'!$A$2:$M$2,0))),"")} | U35: {=_xlfn.IFNA((INDEX('DMR 001C TIN & TP'!$A$3:$M$10005,MATCH(('Reg 85'!$I$6:$Q$6&'Reg 85'!U$10&'Reg 85'!$B35),('DMR 001C TIN & TP'!$E$3:$E$10005&'DMR 001C TIN & TP'!$B$3:$B$10005&'DMR 001C TIN & TP'!$A$3:$A$10005),0),MATCH('Reg 85'!$O$11,'DMR 001C TIN & TP'!$A$2:$M$2,0))),"")} | V35: {=_xlfn.IFNA((INDEX('DMR 001C TIN & TP'!$A$3:$M$10005,MATCH(('Reg 85'!$I$6:$Q$6&'Reg 85'!V$10&'Reg 85'!$B35),('DMR 001C TIN & TP'!$E$3:$E$10005&'DMR 001C TIN & TP'!$B$3:$B$10005&'DMR 001C TIN & TP'!$A$3:$A$10005),0),MATCH('Reg 85'!$O$11,'DMR 001C TIN & TP'!$A$2:$M$2,0))),"")} | W35: {=_xlfn.IFNA((INDEX('DMR 001C TIN & TP'!$A$3:$M$10005,MATCH(('Reg 85'!$I$6:$Q$6&'Reg 85'!W$10&'Reg 85'!$B35),('DMR 001C TIN & TP'!$E$3:$E$10005&'DMR 001C TIN & TP'!$B$3:$B$10005&'DMR 001C TIN & TP'!$A$3:$A$10005),0),MATCH('Reg 85'!$O$11,'DMR 001C TIN & TP'!$A$2:$M$2,0))),"")} | X35: =IFERROR(IF(AA35<VALUE(Y35),"<",""),"") | Y35: {=_xlfn.IFNA((INDEX('DMR 001C TIN & TP'!$A$3:$M$10005,MATCH(('Reg 85'!$X$6&'Reg 85'!$X$10&'Reg 85'!$B35),('DMR 001C TIN & TP'!$E$3:$E$10005&'DMR 001C TIN & TP'!$B$3:$B$10005&'DMR 001C TIN & TP'!$A$3:$A$10005),0),MATCH('Reg 85'!$Y$11,'DMR 001C TIN & TP'!$A$2:$M$2,0))),"")} -> 0.06 | Z35: {=_xlfn.IFNA((INDEX('DMR 001C TIN & TP'!$A$3:$M$10005,MATCH(('Reg 85'!$X$6&'Reg 85'!$X$10&'Reg 85'!$B35),('DMR 001C TIN & TP'!$E$3:$E$10005&'DMR 001C TIN & TP'!$B$3:$B$10005&'DMR 001C TIN & TP'!$A$3:$A$10005),0),MATCH('Reg 85'!$Z$11,'DMR 001C TIN & TP'!$A$2:$M$2,0))),"")} -> 4.69 | AA35: =IFERROR(IF(VALUE(Z35)<VALUE(Y35),0,VALUE(Z35)),"") -> 4.69 | AB35: =IFERROR(IF(AE35<VALUE(AC35),"<",""),"") | AC35: {=_xlfn.IFNA((INDEX('DMR 001C TIN & TP'!$A$3:$M$10005,MATCH(('Reg 85'!$X$6&'Reg 85'!$AB$10&'Reg 85'!$B35),('DMR 001C TIN & TP'!$E$3:$E$10005&'DMR 001C TIN & TP'!$B$3:$B$10005&'DMR 001C TIN & TP'!$A$3:$A$10005),0),MATCH('Reg 85'!$AC$11,'DMR 001C TIN & TP'!$A$2:$M$2,0))),"")} -> 0.06 | AD35: {=_xlfn.IFNA((INDEX('DMR 001C TIN & TP'!$A$3:$M$10005,MATCH(('Reg 85'!$X$6&'Reg 85'!$AB$10&'Reg 85'!$B35),('DMR 001C TIN & TP'!$E$3:$E$10005&'DMR 001C TIN & TP'!$B$3:$B$10005&'DMR 001C TIN & TP'!$A$3:$A$10005),0),MATCH('Reg 85'!$AD$11,'DMR 001C TIN & TP'!$A$2:$M$2,0))),"")} -> 5.01 | AE35: =IFERROR(IF(VALUE(AD35)<VALUE(AC35),0,VALUE(AD35)),"") -> 5.01 | AF35: =IFERROR(((AA35*$F35)+(AE35*$G35))/($H35),"") -> 4.8870841 | AG35: {=_xlfn.IFNA((INDEX('DMR 001C TIN & TP'!$A$3:$M$10005,MATCH(('Reg 85'!$X$6&'Reg 85'!AG$10&'Reg 85'!$B35),('DMR 001C TIN & TP'!$E$3:$E$10005&'DMR 001C TIN & TP'!$B$3:$B$10005&'DMR 001C TIN & TP'!$A$3:$A$10005),0),MATCH('Reg 85'!$AG$11,'DMR 001C TIN & TP'!$A$2:$M$2,0))),"")} | AH35: {=_xlfn.IFNA((INDEX('DMR 001C TIN & TP'!$A$3:$M$10005,MATCH(('Reg 85'!$X$6&'Reg 85'!AH$10&'Reg 85'!$B35),('DMR 001C TIN & TP'!$E$3:$E$10005&'DMR 001C TIN & TP'!$B$3:$B$10005&'DMR 001C TIN & TP'!$A$3:$A$10005),0),MATCH('Reg 85'!$AG$11,'DMR 001C TIN & TP'!$A$2:$M$2,0))),"")} | AI35: {=_xlfn.IFNA((INDEX('DMR 001C TIN & TP'!$A$3:$M$10005,MATCH(('Reg 85'!$X$6&'Reg 85'!AI$10&'Reg 85'!$B35),('DMR 001C TIN & TP'!$E$3:$E$10005&'DMR 001C TIN & TP'!$B$3:$B$10005&'DMR 001C TIN & TP'!$A$3:$A$10005),0),MATCH('Reg 85'!$AG$11,'DMR 001C TIN & TP'!$A$2:$M$2,0))),"")} | AJ35: {=_xlfn.IFNA((INDEX('DMR 001C TIN & TP'!$A$3:$M$10005,MATCH(('Reg 85'!$X$6&'Reg 85'!AJ$10&'Reg 85'!$B35),('DMR 001C TIN & TP'!$E$3:$E$10005&'DMR 001C TIN & TP'!$B$3:$B$10005&'DMR 001C TIN & TP'!$A$3:$A$10005),0),MATCH('Reg 85'!$AG$11,'DMR 001C TIN & TP'!$A$2:$M$2,0))),"")} | AK35: {=_xlfn.IFNA((INDEX('DMR 001C TIN & TP'!$A$3:$M$10005,MATCH(('Reg 85'!$X$6&'Reg 85'!AK$10&'Reg 85'!$B35),('DMR 001C TIN & TP'!$E$3:$E$10005&'DMR 001C TIN & TP'!$B$3:$B$10005&'DMR 001C TIN & TP'!$A$3:$A$10005),0),MATCH('Reg 85'!$AG$11,'DMR 001C TIN & TP'!$A$2:$M$2,0))),"")} | AL35: {=_xlfn.IFNA((INDEX('DMR 001C TIN & TP'!$A$3:$M$10005,MATCH(('Reg 85'!$X$6&'Reg 85'!AL$10&'Reg 85'!$B35),('DMR 001C TIN & TP'!$E$3:$E$10005&'DMR 001C TIN & TP'!$B$3:$B$10005&'DMR 001C TIN & TP'!$A$3:$A$10005),0),MATCH('Reg 85'!$AG$11,'DMR 001C TIN & TP'!$A$2:$M$2,0))),"")} | AO35: =IFERROR(Q35+AF35,"") -> 5.3888038 | AP35: =IF(COUNT(IF((B5:B35<=C35)*(B5:B35>=D35)*(B35=EOMONTH(B35,0)),AO5:AO35,""))=0,"",COUNT(IF((B5:B35<=C35)*(B5:B35>=D35)*(B35=EOMONTH(B35,0)),AO5:AO35,""))) | AR35: {=_xlfn.IFNA((INDEX('DMR 001C TIN & TP'!$A$3:$M$10005,MATCH(('Reg 85'!$AQ$6&'Reg 85'!$AQ$10&'Reg 85'!$B35),('DMR 001C TIN & TP'!$E$3:$E$10005&'DMR 001C TIN & TP'!$B$3:$B$10005&'DMR 001C TIN & TP'!$A$3:$A$10005),0),MATCH('Reg 85'!$AR$11,'DMR 001C TIN & TP'!$A$2:$M$2,0))),"")} | AS35: {=_xlfn.IFNA((INDEX('DMR 001C TIN & TP'!$A$3:$M$10005,MATCH(('Reg 85'!$AQ$6&'Reg 85'!$AQ$10&'Reg 85'!$B35),('DMR 001C TIN & TP'!$E$3:$E$10005&'DMR 001C TIN & TP'!$B$3:$B$10005&'DMR 001C TIN & TP'!$A$3:$A$10005),0),MATCH('Reg 85'!$AS$11,'DMR 001C TIN & TP'!$A$2:$M$2,0))),"")} | AT35: =IFERROR(IF(VALUE(AS35)<VALUE(AR35),0,VALUE(AS35)),"") | AV35: {=_xlfn.IFNA((INDEX('DMR 001C TIN & TP'!$A$3:$M$10005,MATCH(('Reg 85'!$AQ$6&'Reg 85'!$AU$10&'Reg 85'!$B35),('DMR 001C TIN & TP'!$E$3:$E$10005&'DMR 001C TIN & TP'!$B$3:$B$10005&'DMR 001C TIN & TP'!$A$3:$A$10005),0),MATCH('Reg 85'!$AV$11,'DMR 001C TIN & TP'!$A$2:$M$2,0))),"")} | AW35: {=_xlfn.IFNA((INDEX('DMR 001C TIN & TP'!$A$3:$M$10005,MATCH(('Reg 85'!$AQ$6&'Reg 85'!$AU$10&'Reg 85'!$B35),('DMR 001C TIN & TP'!$E$3:$E$10005&'DMR 001C TIN & TP'!$B$3:$B$10005&'DMR 001C TIN & TP'!$A$3:$A$10005),0),MATCH('Reg 85'!$AW$11,'DMR 001C TIN & TP'!$A$2:$M$2,0))),"")} | AX35: =IFERROR(IF(VALUE(AW35)<VALUE(AV35),0,VALUE(AW35)),"") | AY35: =IFERROR(((AT35*$F35)+(AX35*$G35))/($H35),"") | AZ35: =IF(COUNT(IF((#REF!<=C35)*(#REF!>=D35)*(B35=EOMONTH(B35,0)),#REF!,""))=0,"",COUNT(IF((#REF!<=C35)*(#REF!>=D35)*(B35=EOMONTH(B35,0)),#REF!,""))) | BA35: {=_xlfn.IFNA((INDEX('DMR 001C TIN & TP'!$A$3:$M$10005,MATCH(('Reg 85'!$AQ$6&'Reg 85'!BA$10&'Reg 85'!$B35),('DMR 001C TIN & TP'!$E$3:$E$10005&'DMR 001C TIN & TP'!$B$3:$B$10005&'DMR 001C TIN & TP'!$A$3:$A$10005),0),MATCH('Reg 85'!$AG$11,'DMR 001C TIN & TP'!$A$2:$M$2,0))),"")} | BB35: {=_xlfn.IFNA((INDEX('DMR 001C TIN & TP'!$A$3:$M$10005,MATCH(('Reg 85'!$AQ$6&'Reg 85'!BB$10&'Reg 85'!$B35),('DMR 001C TIN & TP'!$E$3:$E$10005&'DMR 001C TIN & TP'!$B$3:$B$10005&'DMR 001C TIN & TP'!$A$3:$A$10005),0),MATCH('Reg 85'!$AG$11,'DMR 001C TIN & TP'!$A$2:$M$2,0))),"")} | BC35: {=_xlfn.IFNA((INDEX('DMR 001C TIN & TP'!$A$3:$M$10005,MATCH(('Reg 85'!$AQ$6&'Reg 85'!BC$10&'Reg 85'!$B35),('DMR 001C TIN & TP'!$E$3:$E$10005&'DMR 001C TIN & TP'!$B$3:$B$10005&'DMR 001C TIN & TP'!$A$3:$A$10005),0),MATCH('Reg 85'!$AG$11,'DMR 001C TIN & TP'!$A$2:$M$2,0))),"")} | BD35: {=_xlfn.IFNA((INDEX('DMR 001C TIN & TP'!$A$3:$M$10005,MATCH(('Reg 85'!$AQ$6&'Reg 85'!BD$10&'Reg 85'!$B35),('DMR 001C TIN & TP'!$E$3:$E$10005&'DMR 001C TIN & TP'!$B$3:$B$10005&'DMR 001C TIN & TP'!$A$3:$A$10005),0),MATCH('Reg 85'!$AG$11,'DMR 001C TIN & TP'!$A$2:$M$2,0))),"")} | BE35: {=_xlfn.IFNA((INDEX('DMR 001C TIN & TP'!$A$3:$M$10005,MATCH(('Reg 85'!$AQ$6&'Reg 85'!BE$10&'Reg 85'!$B35),('DMR 001C TIN & TP'!$E$3:$E$10005&'DMR 001C TIN & TP'!$B$3:$B$10005&'DMR 001C TIN & TP'!$A$3:$A$10005),0),MATCH('Reg 85'!$AG$11,'DMR 001C TIN & TP'!$A$2:$M$2,0))),"")} | BF35: {=_xlfn.IFNA((INDEX('DMR 001C TIN & TP'!$A$3:$M$10005,MATCH(('Reg 85'!$AQ$6&'Reg 85'!BF$10&'Reg 85'!$B35),('DMR 001C TIN & TP'!$E$3:$E$10005&'DMR 001C TIN & TP'!$B$3:$B$10005&'DMR 001C TIN & TP'!$A$3:$A$10005),0),MATCH('Reg 85'!$AG$11,'DMR 001C TIN & TP'!$A$2:$M$2,0))),"")}
